Airport,Row_Index,Flight_No,Category,Arrival_Runway,Is_Emergency_Runway,Action,Gap_Minutes
SGN,1268,,helicopter,25R,False,keep_noncommercial_same_origin,
SGN,1333,0V5002,passenger,25R,False,drop_unmatched_same_origin,
SGN,1477,QH268,passenger,25R,False,keep_return_emergency,36.0
SGN,2328,HAI499,business jet,25R,False,keep_return_emergency,34.0
SGN,3044,VJ35,passenger,25R,False,drop_unmatched_same_origin,
SGN,3276,VN1415,passenger,25R,False,drop_unmatched_same_origin,
SGN,3545,,military or government,25R,False,keep_noncommercial_same_origin,
SGN,3587,,military or government,25R,False,keep_noncommercial_same_origin,
SGN,3890,,military or government,25R,False,keep_noncommercial_same_origin,
SGN,4768,VN815,passenger,25R,False,keep_return_emergency,147.0
SGN,6194,,passenger,25R,False,drop_unmatched_same_origin,
SGN,6797,VJ386,passenger,25R,False,drop_unmatched_same_origin,153.0
SGN,7978,QR970,passenger,25L,True,keep_return_emergency,65.0
SGN,8449,,military or government,25R,False,keep_noncommercial_same_origin,
SGN,8666,VN1423,passenger,25R,False,drop_unmatched_same_origin,
SGN,8808,,military or government,25R,False,keep_noncommercial_same_origin,
SGN,9256,,military or government,25R,False,keep_noncommercial_same_origin,
SGN,9385,VJ359,passenger,25R,False,drop_unmatched_same_origin,
SGN,9456,VN1395,passenger,25R,False,drop_unmatched_same_origin,
SGN,9523,VJ113,passenger,25R,False,keep_return_emergency,88.0
SGN,10369,,military or government,25R,False,keep_noncommercial_same_origin,
SGN,10751,,military or government,25R,False,keep_noncommercial_same_origin,
SGN,12717,VJ35,passenger,25R,False,drop_unmatched_same_origin,
SGN,13024,9G868,passenger,25R,False,drop_unmatched_same_origin,294.0
SGN,13796,VN1415,passenger,25R,False,drop_unmatched_same_origin,
SGN,13930,,helicopter,25R,False,keep_noncommercial_same_origin,
SGN,13999,VN1272,passenger,25R,False,drop_unmatched_same_origin,260.0
SGN,14036,VN6171,passenger,25R,False,drop_unmatched_same_origin,
SGN,14075,VJ3949,passenger,25R,False,drop_unmatched_same_origin,
SGN,14338,,non-categorized,25R,False,keep_noncommercial_same_origin,
SGN,15235,VN31,passenger,25L,True,keep_return_emergency,94.0
SGN,15523,OK8902,military or government,25R,False,keep_return_emergency,17.0
SGN,15693,,passenger,25R,False,drop_unmatched_same_origin,
SGN,15932,,military or government,25R,False,keep_noncommercial_same_origin,
SGN,15956,OK8902,military or government,07R,False,keep_return_emergency,11.0
SGN,16177,VJ35,passenger,25R,False,keep_return_emergency,55.0
SGN,16654,VN1857,passenger,25R,False,keep_return_emergency,117.0
SGN,16672,VN8077,passenger,25R,False,keep_return_emergency,113.0
SGN,16708,VN8059,passenger,25R,False,keep_return_emergency,116.0
SGN,17353,VU778,passenger,25R,False,keep_return_emergency,83.0
SGN,20785,VN1856,passenger,25R,False,keep_return_emergency,124.0
SGN,21654,VN1885,passenger,25R,False,keep_return_emergency,127.0
SGN,22744,VN1382,passenger,25R,False,keep_return_emergency,147.0
SGN,23875,VJ274,passenger,25R,False,keep_return_emergency,46.0
SGN,24398,VN5001,passenger,25R,False,drop_unmatched_same_origin,
SGN,26280,VN8073,passenger,25R,False,keep_return_emergency,100.0
SGN,27206,VJ1240,passenger,25R,False,drop_unmatched_same_origin,237.0
SGN,28395,VJ246,passenger,25R,False,drop_unmatched_same_origin,240.0
SGN,29248,VU550,passenger,25R,False,keep_return_emergency,62.0
SGN,29756,VJ113,passenger,25R,False,keep_return_emergency,86.0
SGN,29762,VJ119,passenger,25L,True,keep_return_emergency,76.0
SGN,30414,VU684,passenger,25R,False,keep_return_emergency,67.0
SGN,31195,VJ113,passenger,25R,False,keep_return_emergency,73.0
SGN,31526,VN7272,passenger,25R,False,drop_unmatched_same_origin,278.0
SGN,32841,VJ811,passenger,25L,True,keep_return_emergency,44.0
SGN,33476,,passenger,25R,False,drop_unmatched_same_origin,
SGN,33860,,passenger,25R,False,drop_unmatched_same_origin,
SGN,34267,,military or government,25R,False,keep_noncommercial_same_origin,
SGN,34592,VJ809,passenger,25R,False,keep_return_emergency,99.0
SGN,34614,,helicopter,25R,False,keep_noncommercial_same_origin,
HAN,279,M0535,passenger,11L,False,drop_unmatched_same_origin,
HAN,442,,passenger,11L,False,drop_unmatched_same_origin,
HAN,1071,,passenger,11L,False,drop_unmatched_same_origin,
HAN,1715,VN5000,passenger,11L,False,drop_unmatched_same_origin,
HAN,2474,VN1718,passenger,11L,False,drop_unmatched_same_origin,
HAN,3745,,passenger,11L,False,drop_unmatched_same_origin,
HAN,6269,,passenger,11L,False,drop_unmatched_same_origin,
HAN,6578,QH15,passenger,11L,False,drop_unmatched_same_origin,
HAN,6776,VN5005,passenger,11L,False,drop_unmatched_same_origin,
HAN,7349,RH9376,cargo,11L,False,keep_return_emergency,0.0
HAN,9296,VN5000,passenger,11L,False,drop_unmatched_same_origin,
HAN,10927,VN5005,passenger,11L,False,drop_unmatched_same_origin,
HAN,10983,VN895,passenger,11L,False,drop_unmatched_same_origin,
HAN,13034,VN1203,passenger,11L,False,keep_return_emergency,31.0
HAN,13343,VN1641,passenger,11L,False,drop_unmatched_same_origin,185.0
HAN,13349,VN1715,passenger,11L,False,keep_return_emergency,127.0
HAN,13447,VN5005,passenger,11L,False,drop_unmatched_same_origin,
HAN,14726,,general aviation,11L,False,keep_noncommercial_same_origin,
HAN,15928,VJ7239,general aviation,11L,True,keep_noncommercial_same_origin,194.0
HAN,16617,VJ147,passenger,11L,False,drop_unmatched_same_origin,4467.0
HAN,17397,VN7715,passenger,11L,False,keep_return_emergency,112.0
HAN,20181,VJ107,passenger,11L,False,keep_return_emergency,125.0
HAN,20959,VN5000,passenger,11L,False,drop_unmatched_same_origin,48924.0
HAN,23485,,unknown,11L,False,drop_unmatched_same_origin,
