Route,Dep_Index,Arr_Index,Flight_No,Dep_Tail_Before,Arr_Tail_After,Dep_AC_Before,Arr_AC_After,Gap_Hours
SGN->DAD,1409,374,VJ636,VN-A630,VN-A685,A321,A321,0.9833
SGN->DAD,1781,497,VJ636,VN-A685,VN-A552,A321,A21N,1.0167
SGN->DAD,2161,622,VJ636,VN-A552,VN-A642,A21N,A321,1.0
SGN->DAD,2175,624,VJ644,VN-A647,VN-A643,A321,A321,1.0333
SGN->DAD,2897,892,VJ642,VN-A642,VN-A675,A321,A320,1.0
SGN->DAD,3249,1018,VJ636,VN-A629,VN-A644,A321,A321,1.05
SGN->DAD,3610,1151,VJ636,VN-A644,VN-A655,A321,A320,1.0167
SGN->DAD,4342,1428,VJ636,VN-A637,VN-A639,A321,A321,1.0333
SGN->DAD,4722,1563,VJ636,VN-A639,VN-A642,A321,A321,1.05
SGN->DAD,5389,1860,VN148,VN-A872,VN-A619,B78X,A21N,1.1167
SGN->DAD,5848,1986,VJ636,VN-A643,VN-A661,A321,A321,0.95
SGN->DAD,6218,2141,VJ636,VN-A661,VN-A632,A321,A321,0.9667
SGN->DAD,6592,2281,VJ644,VN-A668,VN-A553,A320,A21N,0.9833
SGN->DAD,7363,2569,VJ644,VN-A663,VN-A553,A320,A21N,1.0333
SGN->DAD,7734,2718,VJ636,VN-A685,VN-A663,A321,A320,1.0667
SGN->DAD,8112,2855,VJ636,VN-A663,VN-A685,A320,A321,0.9833
SGN->DAD,8117,2851,VJ642,VN-A657,VN-A651,A321,A321,1.05
SGN->DAD,8480,2984,VJ636,VN-A685,VN-A635,A321,A321,0.9833
SGN->DAD,9140,3250,VJ636,VN-A650,VN-A630,A320,A321,0.9833
SGN->DAD,9827,3503,VJ644,VN-A657,VN-A553,A321,A21N,1.0
SGN->DAD,9830,3511,VJ636,VN-A522,VN-A668,A321,A320,1.05
SGN->DAD,10564,3775,VJ642,VN-A630,VN-A643,A321,A321,1.0667
SGN->DAD,12767,4568,VJ636,VN-A669,VN-A632,A320,A321,1.0667
SGN->DAD,13127,4697,VJ636,VN-A632,VN-A643,A321,A321,1.0333
SGN->DAD,14470,5240,VJ636,VN-A636,VN-A676,A321,A320,1.0
SGN->DAD,15612,5638,VJ636,VN-A636,VN-A542,A321,A321,1.0667
SGN->DAD,16005,5765,VJ642,VN-A662,VN-A667,A320,A321,1.0167
SGN->DAD,16769,6039,VJ636,VN-A632,VN-A578,A321,A21N,1.0167
SGN->DAD,17155,6174,VJ636,VN-A578,VN-A675,A21N,A320,1.1
SGN->DAD,17550,6302,VJ644,VN-A655,VN-A553,A320,A21N,1.15
SGN->DAD,19221,6839,VJ636,VN-A642,VN-A635,A321,A321,1.1
SGN->DAD,19652,6972,VJ636,VN-A635,VN-A685,A321,A321,0.9333
SGN->DAD,20129,7109,VN7120,VN-A605,VN-A334,A321,A321,1.05
SGN->DAD,20130,7113,VJ636,VN-A685,VN-A635,A321,A321,1.0667
SGN->DAD,20135,7237,VJ640,VN-A673,VN-A649,A321,A321,2.5333
SGN->DAD,20136,7116,VN7118,VN-A326,VN-A618,A321,A21N,1.0333
SGN->DAD,20598,7251,VJ644,VN-A667,VN-A643,A321,A321,1.1
SGN->DAD,20604,7250,VJ636,VN-A635,VN-A673,A321,A321,1.0333
SGN->DAD,21049,7396,VJ636,VN-A673,VN-A644,A321,A321,1.0333
SGN->DAD,21556,7532,VJ636,VN-A644,VN-A641,A321,A321,0.7
SGN->DAD,21564,7536,QH190,ER-00005,VN-A227,A320,A321,0.75
SGN->DAD,22041,7675,VJ636,VN-A641,VN-A673,A321,A321,1.0167
SGN->DAD,22512,7825,VN7146,VN-A621,VN-A606,A21N,A321,1.0167
SGN->DAD,22541,7828,VN7120,VN-A507,VN-A621,A21N,A21N,0.95
SGN->DAD,22554,7815,VJ644,VN-A630,VN-A637,A321,A321,1.0667
SGN->DAD,22584,7960,VN7140,VN-A323,VN-A602,A321,A321,0.6833
SGN->DAD,23032,7978,VN7146,VN-A606,VN-A396,A321,A321,0.9833
SGN->DAD,23074,7975,VN7120,VN-A621,VN-A614,A21N,A321,0.9833
SGN->DAD,23103,7966,VJ644,VN-A637,VN-A553,A321,A21N,1.1667
SGN->DAD,23581,8134,VN7146,VN-A396,VN-A604,A321,A321,1.0333
SGN->DAD,23588,8130,VN7120,VN-A614,VN-A358,A321,A321,1.0333
SGN->DAD,23605,8131,VN146,VN-A503,VN-A610,A21N,A321,1.1167
SGN->DAD,23612,8119,VJ642,VN-A542,VN-A667,A321,A321,1.05
SGN->DAD,23627,8122,VJ1622,VN-A668,VN-A656,A320,A320,1.2167
SGN->DAD,24063,8139,VN7108,VN-A331,VN-A610,A321,A321,0.2667
SGN->DAD,24096,8136,VN7104,VN-A397,VN-A390,A321,A321,0.7
SGN->DAD,24102,8283,VJ1622,,VN-A552,,A21N,1.0
SGN->DAD,24106,8278,VN7146,VN-A604,VN-A625,A321,A21N,1.05
SGN->DAD,24110,8135,VN7106,VN-A323,VN-A618,A321,A21N,1.7333
SGN->DAD,24143,8280,VN7120,VN-A358,VN-A357,A321,A321,1.0167
SGN->DAD,24144,8269,VJ644,VN-A542,VN-A649,A321,A321,1.1
SGN->DAD,24539,8284,VJ1630,VN-A552,VN-A673,A21N,A321,0.7833
SGN->DAD,24578,8287,VN7104,VN-A602,VN-A397,A321,A321,1.9833
SGN->DAD,24581,8288,QH194,VN-A227,PK-BBK,A321,B739,2.9667
SGN->DAD,25463,8846,VU670,9H-MLW,VN-A289,A320,A321,2.5167
SGN->DAD,26432,8992,QH190,VN-A227,PK-BBK,A321,B739,1.1
SGN->DAD,26434,9149,VN7146,VN-A323,VN-A395,A321,A321,1.5667
SGN->DAD,26878,8999,VJ1630,VN-A647,VN-A644,A321,A321,0.3667
SGN->DAD,26883,9004,VN7108,VN-A336,VN-A622,A321,A21N,0.2333
SGN->DAD,26918,9003,QH194,VN-A227,PK-BBK,A321,B739,1.8
SGN->DAD,26919,9001,VN7104,VN-A608,VN-A616,A321,A21N,0.6833
SGN->DAD,26946,8997,VN7102,VN-A392,VN-A399,A321,A321,0.65
SGN->DAD,26948,8996,VN7146,VN-A395,VN-A609,A321,A321,0.45
SGN->DAD,26955,9295,VJ1622,VN-A666,VN-A656,A320,A320,1.5833
SGN->DAD,26956,9140,VJ642,VN-A637,VN-A667,A321,A321,1.0167
SGN->DAD,27420,9158,VN7110,VN-A358,VN-A616,A321,A21N,1.6167
SGN->DAD,27426,9154,VJ1630,VN-A641,VN-A647,A321,A321,2.3833
SGN->DAD,27436,9155,VN7106,VN-A356,VN-A618,A321,A21N,2.4
SGN->DAD,27437,9300,VJ644,VN-A685,VN-A632,A321,A321,1.0333
SGN->DAD,27441,9156,VN7104,VN-A611,VN-A608,A321,A321,1.0667
SGN->DAD,27451,9150,VN7102,VN-A326,VN-A392,A321,A321,0.3833
SGN->DAD,27455,9295,VJ1622,VN-A668,VN-A656,A320,A320,0.75
SGN->DAD,27940,9313,VN7110,VN-A614,VN-A358,A321,A321,1.15
SGN->DAD,27944,9311,VN7106,VN-A610,VN-A356,A321,A321,0.3833
SGN->DAD,27971,9307,VN7102,VN-A323,VN-A326,A321,A321,0.8333
SGN->DAD,27996,9457,VJ644,VN-A632,VN-A553,A321,A21N,1.0667
SGN->DAD,27997,9756,VN7120,VN-A604,VN-A617,A321,A21N,0.5667
SGN->DAD,28455,9473,VN7108,VN-A335,VN-A356,A321,A321,1.2833
SGN->DAD,28483,9470,VN7106,VN-A603,VN-A610,A321,A321,1.7667
SGN->DAD,28486,9471,VN7104,VN-A625,VN-A603,A21N,A321,2.9333
SGN->DAD,28504,9468,VN7146,VN-A508,VN-A390,A21N,A321,1.75
SGN->DAD,28509,9610,VN7118,VN-A325,VN-A618,A321,A21N,1.0333
SGN->DAD,28517,9466,VN7102,VN-A622,VN-A323,A21N,A321,2.1167
SGN->DAD,28521,9605,VJ642,VN-A632,VN-A522,A321,A321,0.9667
SGN->DAD,28539,9907,VN7120,VN-A606,VN-A604,A321,A321,1.1333
SGN->DAD,28988,9623,VN7108,VN-A501,VN-A335,A21N,A321,1.0333
SGN->DAD,29013,9621,VN7104,VN-A613,VN-A625,A321,A21N,0.5333
SGN->DAD,29016,9619,VJ1630,VN-A534,VN-A550,A21N,A21N,1.85
SGN->DAD,29027,9615,VN7146,VN-A324,VN-A508,A321,A21N,0.3833
SGN->DAD,29047,9767,QH190,VN-A227,PK-BBK,A321,B739,0.9833
SGN->DAD,29052,9759,VJ642,VN-A522,VN-A667,A321,A321,0.9333
SGN->DAD,29500,9774,VN7108,VN-A513,VN-A501,A20N,A21N,1.0167
SGN->DAD,29507,9771,QH194,VN-A585,PK-BBK,A321,B739,1.25
SGN->DAD,29522,9772,VN7110,VN-A615,VN-A616,A321,A21N,2.5333
SGN->DAD,29524,9770,VJ1630,VN-A644,VN-A534,A321,A21N,0.7667
SGN->DAD,29532,9769,VN7104,VN-A339,VN-A613,A321,A321,1.2333
SGN->DAD,29569,9765,VN7146,VN-A390,VN-A324,A321,A321,2.4333
SGN->DAD,30015,9930,VN7104,VN-A390,VN-A339,A321,A321,0.0833
SGN->DAD,30016,9932,VN7108,VN-A398,VN-A513,A321,A20N,1.7667
SGN->DAD,30017,9931,VN7110,VN-A619,VN-A615,A21N,A321,0.8
SGN->DAD,30020,9928,VN7106,VN-A353,VN-A604,A321,A321,0.4833
SGN->DAD,30026,9926,VN7102,VN-A395,VN-A399,A321,A321,0.25
SGN->DAD,30033,10074,VJ636,VN-A649,VN-A636,A321,A321,1.0333
SGN->DAD,30052,9923,VN7146,VN-A332,VN-A390,A321,A321,0.5167
SGN->DAD,30056,10075,VJ644,VN-A635,VN-A553,A321,A21N,1.0167
SGN->DAD,30488,10089,VN7108,VN-A324,VN-A398,A321,A321,0.8333
SGN->DAD,30497,10087,VN7110,VN-A335,VN-A619,A321,A21N,1.35
SGN->DAD,30508,10085,VN7106,VN-A616,VN-A353,A21N,A321,2.1167
SGN->DAD,30522,10240,VN7126,VN-A323,VN-A606,A321,A321,1.0167
SGN->DAD,30529,10236,VJ636,VN-A636,VN-A673,A321,A321,0.9833
SGN->DAD,30951,10361,VU684,VN-A129,9H-MLW,A321,A320,0.9167
SGN->DAD,31408,10543,VJ636,VN-A536,VN-A632,A21N,A321,1.0167
SGN->DAD,32606,10961,VJ636,VN-A673,VN-A630,A321,A321,0.9833
SGN->DAD,32612,10956,VJ644,VN-A633,VN-A655,A321,A320,1.0333
SGN->DAD,32998,11100,VJ636,VN-A630,VN-A633,A321,A321,0.9667
SGN->DAD,33384,11238,VJ636,VN-A633,VN-A667,A321,A321,0.9667
SGN->DAD,33761,11378,VJ636,VN-A667,VN-A677,A321,A321,1.0
SGN->DAD,34154,11513,VJ636,VN-A677,VN-A526,A321,A21N,1.05
SGN->DAD,34531,11650,VJ642,VN-A673,VN-A675,A321,A320,1.0833
SGN->DAD,34541,11651,VJ636,VN-A526,VN-A657,A21N,A321,1.0333
SGN->DAD,35300,11931,VJ636,VN-A642,VN-A522,A321,A321,1.0333
SGN->DAD,36052,12214,VJ636,VN-A522,VN-A642,A321,A321,1.0667
SGN->HAN,5,280,VJ178,VN-A637,VN-A547,A321,A21N,1.6167
SGN->HAN,9,285,VN7206,VN-A505,VN-A331,A21N,A321,1.7167
SGN->HAN,357,567,VJ178,VN-A647,VN-A637,A321,A321,1.6
SGN->HAN,360,562,VN270,VN-A335,VN-A325,A321,A321,2.4667
SGN->HAN,712,864,VN270,VN-A393,VN-A335,A321,A321,1.6167
SGN->HAN,1072,1161,VJ156,VN-A644,VN-A500,A321,A21N,1.1167
SGN->HAN,1074,1160,VN7206,VN-A608,VN-A604,A321,A321,1.2333
SGN->HAN,1077,1159,VN270,VN-A602,VN-A393,A321,A321,1.4667
SGN->HAN,1086,1155,VN7216,VN-A338,VN-A514,A321,A20N,2.6333
SGN->HAN,1438,1480,VN224,VN-A390,VN-A339,A321,A321,1.2
SGN->HAN,1441,1474,VJ174,VN-A676,VN-A544,A320,A321,2.3667
SGN->HAN,1796,1780,VJ178,VN-A640,VN-A642,A321,A321,1.8667
SGN->HAN,1802,1779,VN270,VN-A395,VN-A393,A321,A321,2.25
SGN->HAN,1811,1789,VN224,VN-A325,VN-A390,A321,A321,2.3333
SGN->HAN,2182,2082,VN270,VN-A619,VN-A395,A21N,A321,1.8667
SGN->HAN,2186,2094,VN224,VN-A327,VN-A325,A321,A321,1.6167
SGN->HAN,2192,2091,VJ156,VN-A543,VN-A655,A21N,A320,2.25
SGN->HAN,2195,2077,VJ174,VN-A633,VN-A661,A321,A321,3.5667
SGN->HAN,2552,2387,VN7216,VN-A514,VN-A603,A20N,A321,1.8333
SGN->HAN,2556,2390,VN270,VN-A612,VN-A619,A321,A21N,1.7833
SGN->HAN,2562,2399,VJ174,VN-A538,VN-A633,A21N,A321,1.55
SGN->HAN,2916,2664,VN270,VN-A622,VN-A612,A21N,A321,1.45
SGN->HAN,2924,2672,VJ178,VN-A689,VN-A669,A320,A320,1.5167
SGN->HAN,2929,2674,VJ174,VN-A662,VN-A538,A320,A21N,1.5667
SGN->HAN,3262,2966,VN270,VN-A612,VN-A622,A321,A21N,1.85
SGN->HAN,3626,3289,VN270,VN-A623,VN-A612,A21N,A321,1.6833
SGN->HAN,3637,3284,VN7206,VN-A602,VN-A395,A321,A321,3.0667
SGN->HAN,3639,3302,VN224,VN-A329,VN-A326,A321,A321,1.2667
SGN->HAN,3642,3301,VN256,VN-A877,VN-A399,B78X,A321,1.7333
SGN->HAN,3997,3593,VJ174,VN-A647,VN-A671,A321,A320,3.6
SGN->HAN,4001,3606,VN7206,VN-A390,VN-A602,A321,A321,2.0833
SGN->HAN,4002,3610,VN224,VN-A608,VN-A329,A321,A321,2.0
SGN->HAN,4005,3596,VU794,VN-A129,VN-A136,A321,A320,3.5
SGN->HAN,4367,3912,VN270,VN-A615,VN-A503,A321,A21N,2.75
SGN->HAN,4379,3932,VN224,VN-A329,VN-A608,A321,A321,1.6333
SGN->HAN,4729,4223,VJ178,VN-A544,VN-A632,A321,A321,3.0833
SGN->HAN,4737,4246,VN224,VN-A336,VN-A329,A321,A321,1.5333
SGN->HAN,5094,4544,VN270,VN-A356,VN-A323,A321,A321,3.1
SGN->HAN,5098,4559,VN224,VN-A614,VN-A336,A321,A321,1.45
SGN->HAN,5099,4561,VJ174,VN-A546,VN-A650,A21N,A320,1.3333
SGN->HAN,5459,4865,VJ178,VN-A635,VN-A685,A321,A321,2.5333
SGN->HAN,5463,4875,VN270,VN-A331,VN-A356,A321,A321,1.4
SGN->HAN,5466,4877,VN224,VN-A390,VN-A614,A321,A321,1.55
SGN->HAN,5468,4884,VN7206,VN-A613,VN-A334,A321,A321,1.2
SGN->HAN,5854,5176,VJ182,VN-A553,VN-A650,A21N,A320,2.6167
SGN->HAN,5855,5185,VN270,VN-A512,VN-A331,A21N,A321,2.25
SGN->HAN,6241,5496,VN270,VN-A501,VN-A512,A21N,A21N,1.5333
SGN->HAN,6242,5488,VJ178,VN-A635,VN-A522,A321,A321,2.7333
SGN->HAN,6614,5816,VJ178,VN-A525,VN-A635,A21N,A321,1.05
SGN->HAN,6621,5812,VN270,VN-A326,VN-A501,A321,A21N,1.8333
SGN->HAN,6622,5817,VJ174,VN-A656,VN-A698,A320,A321,1.55
SGN->HAN,6988,6133,VJ182,VN-A675,VN-A698,A320,A321,1.5833
SGN->HAN,7371,6441,VN270,VN-A335,VN-A397,A321,A321,2.6833
SGN->HAN,7375,6437,VJ174,VN-A689,VN-A525,A320,A21N,3.25
SGN->HAN,7377,6451,VN224,VN-A325,VN-A392,A321,A321,1.9333
SGN->HAN,7749,6750,VN270,VN-A332,VN-A335,A321,A321,1.2
SGN->HAN,7751,6739,VJ182,VN-A522,VN-A575,A321,A21N,3.1833
SGN->HAN,7756,6745,VJ178,VN-A641,VN-A656,A321,A320,2.6333
SGN->HAN,8123,7050,VJ182,VN-A685,VN-A522,A321,A321,1.8667
SGN->HAN,8129,7049,VN270,VN-A503,VN-A332,A21N,A321,2.4833
SGN->HAN,8130,7054,VJ178,VN-A636,VN-A641,A321,A321,1.9667
SGN->HAN,8485,7351,QH282,VN-A585,VN-A227,A321,A321,1.75
SGN->HAN,8488,7358,VN270,VN-A323,VN-A503,A321,A21N,1.7
SGN->HAN,8812,7654,QH282,VN-A597,VN-A585,A321,A321,1.6
SGN->HAN,8821,7658,VN270,VN-A336,VN-A323,A321,A321,1.55
SGN->HAN,8835,7665,VN224,VN-A339,VN-A878,A321,B78X,1.7833
SGN->HAN,9149,7953,VJ182,VN-A655,VN-A673,A320,A321,2.2167
SGN->HAN,9150,7955,QH282,VN-A227,VN-A597,A321,A321,1.85
SGN->HAN,9153,7959,VN270,VN-A501,VN-A336,A21N,A321,1.6167
SGN->HAN,9162,7969,VN224,VN-A623,VN-A339,A21N,A321,1.8333
SGN->HAN,9465,8257,VJ182,VN-A661,VN-A655,A321,A320,1.8167
SGN->HAN,9468,8260,VN270,VN-A392,VN-A501,A321,A21N,2.0
SGN->HAN,9478,8267,VN224,VN-A357,VN-A623,A321,A21N,1.7333
SGN->HAN,9833,8552,VJ182,VN-A698,VN-A661,A321,A321,1.45
SGN->HAN,9838,8555,VN270,VN-A610,VN-A392,A321,A321,1.4667
SGN->HAN,10211,8846,VN270,VN-A602,VN-A610,A321,A321,1.7667
SGN->HAN,10577,9141,VJ178,VN-A698,VN-A644,A321,A321,2.25
SGN->HAN,10578,9145,VN270,VN-A622,VN-A602,A21N,A321,1.6667
SGN->HAN,10948,9388,VN270,VN-A508,VN-A622,A21N,A21N,1.6667
SGN->HAN,10949,9386,VJ178,VN-A546,VN-A698,A21N,A321,1.8333
SGN->HAN,10953,9384,VJ174,VN-A676,VN-A658,A320,A320,2.4167
SGN->HAN,11313,9623,VJ182,VN-A683,VN-A657,A321,A321,2.2
SGN->HAN,11322,9633,VN270,VN-A332,VN-A508,A321,A21N,1.9833
SGN->HAN,11325,9636,9G886,VN-A286,VN-A284,A21N,A21N,2.1667
SGN->HAN,11328,9639,VN224,VN-A329,VN-A392,A321,A321,1.85
SGN->HAN,11679,9883,VJ178,VN-A658,VN-A651,A320,A321,2.85
SGN->HAN,11680,9886,VJ182,VN-A535,VN-A683,A321,A321,1.85
SGN->HAN,11683,9895,VN270,VN-A503,VN-A332,A21N,A321,1.5667
SGN->HAN,11686,9899,VN224,VN-A610,VN-A329,A321,A321,1.7167
SGN->HAN,12046,10148,VN270,VN-A353,VN-A503,A321,A21N,1.5333
SGN->HAN,12409,10409,VN270,VN-A611,VN-A353,A321,A321,0.9333
SGN->HAN,12413,10396,VJ178,VN-A575,VN-A672,A21N,A320,3.0167
SGN->HAN,12418,10412,9G886,VN-A281,VN-A284,A21N,A21N,1.8667
SGN->HAN,13135,10902,QH282,VN-A227,VN-A585,A321,A321,1.45
SGN->HAN,13139,10898,VJ178,VN-A553,VN-A699,A21N,A320,2.2833
SGN->HAN,13442,11193,VN270,VN-A514,VN-A612,A20N,A321,1.0667
SGN->HAN,13443,11190,VJ178,VN-A667,VN-A553,A321,A21N,1.4167
SGN->HAN,13769,11475,VJ178,VN-A655,VN-A667,A320,A321,1.7667
SGN->HAN,13775,11474,VN270,VN-A610,VN-A514,A321,A20N,2.3
SGN->HAN,14155,11768,VJ178,VN-A641,VN-A655,A321,A320,1.8667
SGN->HAN,14157,11774,VN270,VN-A398,VN-A610,A321,A321,1.65
SGN->HAN,14163,11762,VJ174,VN-A635,VN-A640,A321,A321,4.1833
SGN->HAN,14490,12049,VN270,VN-A611,VN-A398,A321,A321,1.6167
SGN->HAN,14869,12317,VN270,VN-A604,VN-A611,A321,A321,1.7
SGN->HAN,14870,12308,VJ178,VN-A546,VN-A644,A21N,A321,2.8667
SGN->HAN,14878,12323,VN224,VN-A602,VN-A335,A321,A321,1.9167
SGN->HAN,15258,12597,VJ182,VN-A672,VN-A637,A320,A321,1.5167
SGN->HAN,15264,12601,VN270,VN-A357,VN-A604,A321,A321,1.7333
SGN->HAN,15629,12858,VJ178,VN-A536,VN-A668,A21N,A320,2.2667
SGN->HAN,15632,12866,VN270,VN-A601,VN-A357,A321,A321,1.6333
SGN->HAN,16016,13146,VN224,VN-A329,VN-A877,A321,B78X,0.5
SGN->HAN,16020,13139,VJ178,VN-A663,VN-A536,A320,A21N,1.85
SGN->HAN,16406,13418,VN270,VN-A605,VN-A332,A321,A321,1.7667
SGN->HAN,16408,13422,VJ174,VN-A639,VN-A641,A321,A321,1.5167
SGN->HAN,16775,13701,VJ182,VN-A668,VN-A651,A320,A321,2.8
SGN->HAN,16783,13714,VN270,VN-A329,VN-A605,A321,A321,1.7167
SGN->HAN,17163,13986,VJ178,VN-A633,VN-A632,A321,A321,2.9833
SGN->HAN,17164,13994,VN270,VN-A606,VN-A329,A321,A321,1.7167
SGN->HAN,17579,14273,VN270,VN-A610,VN-A606,A321,A321,1.45
SGN->HAN,17983,14532,VJ182,VN-A629,VN-A632,A321,A321,2.0333
SGN->HAN,17989,14537,VN270,VN-A397,VN-A610,A321,A321,1.8
SGN->HAN,18796,14790,VJ178,VN-A536,VN-A670,A21N,A321,1.3333
SGN->HAN,18801,14785,VJ182,VN-A644,VN-A537,A321,A21N,2.4167
SGN->HAN,18808,14793,VN270,VN-A505,VN-A398,A21N,A321,1.7333
SGN->HAN,18818,14801,VN224,VN-A601,VN-A331,A321,A321,1.4167
SGN->HAN,18825,14802,VN7020,VN-A871,VN-A888,B789,A359,1.7
SGN->HAN,19234,15044,VJ178,VN-A697,VN-A536,A21N,A21N,1.75
SGN->HAN,19235,15050,VJ182,VN-A676,VN-A644,A320,A321,1.4833
SGN->HAN,19243,15068,VN7020,VN-A874,VN-A871,B78X,B789,0.5167
SGN->HAN,19249,15056,VJ174,VN-A670,VN-A522,A321,A321,1.85
SGN->HAN,19683,15335,VJ182,VN-A663,VN-A676,A320,A320,2.0667
SGN->HAN,19684,15332,VU782,VN-A136,VN-A289,A320,A321,2.25
SGN->HAN,19690,15329,VN270,VN-A609,VN-A353,A321,A321,3.0667
SGN->HAN,19703,15353,VN224,VN-A396,VN-A623,A321,A21N,1.7167
SGN->HAN,19712,15345,VN7020,VN-A616,VN-A874,A21N,B78X,2.8667
SGN->HAN,20153,15649,VN270,VN-A357,VN-A609,A321,A321,1.2
SGN->HAN,20161,15658,VN7020,VN-A886,VN-A616,A359,A21N,0.75
SGN->HAN,20165,15654,VN224,VN-A604,VN-A396,A321,A321,1.2667
SGN->HAN,20176,15630,VJ174,VN-A668,VN-A675,A320,A320,4.2833
SGN->HAN,20177,15646,VN7010,VN-A601,VN-A512,A321,A21N,2.4667
SGN->HAN,20611,15945,VJ178,VN-A697,VN-A657,A21N,A321,2.8333
SGN->HAN,20612,15946,VJ182,VN-A649,VN-A675,A321,A320,2.8167
SGN->HAN,20628,15960,VN224,VN-A888,VN-A604,A359,A321,1.8333
SGN->HAN,20634,15962,9G882,VN-A279,VN-A280,A321,A321,1.9667
SGN->HAN,21078,16249,VN270,VN-A357,VN-A603,A321,A321,3.3333
SGN->HAN,21097,16272,9G882,VN-A280,VN-A279,A321,A321,1.55
SGN->HAN,21577,16574,VJ174,VN-A522,VN-A683,A321,A321,0.6167
SGN->HAN,21578,16565,VN7010,VN-A866,VN-A869,B789,B789,1.3833
SGN->HAN,21593,16568,9G882,VN-A279,VN-A280,A321,A321,1.6667
SGN->HAN,21594,16579,VN262,VN-A874,VN-A614,B78X,A321,0.9833
SGN->HAN,21599,16576,VN224,VN-A397,VN-A329,A321,A321,1.4667
SGN->HAN,21607,16575,VN7020,VN-A894,VN-A889,A359,A359,1.9667
SGN->HAN,21632,16577,VN260,VN-A877,VN-A873,B78X,B78X,2.95
SGN->HAN,22017,16248,9G8802,VN-A279,VN-A280,A321,A321,0.6833
SGN->HAN,22083,16855,VJ156,VN-A629,VN-A673,A321,A321,2.0833
SGN->HAN,22099,16878,VN7020,VN-A888,VN-A894,A359,A359,1.1333
SGN->HAN,22127,16870,VN256,VN-A874,VN-A878,B78X,B78X,2.7167
SGN->HAN,22511,16540,9G8802,VN-A280,VN-A279,A321,A321,0.45
SGN->HAN,22603,17165,VJ160,VN-A642,VN-A575,A321,A21N,1.7
SGN->HAN,22608,17161,9G886,VN-A280,VN-A284,A321,A21N,2.2167
SGN->HAN,22611,17136,9G882,VN-A284,VN-A280,A21N,A321,5.2833
SGN->HAN,22655,17157,VJ180,VN-A816,VN-A817,A333,A333,4.6333
SGN->HAN,23124,17471,VJ160,VN-A634,VN-A642,A321,A321,1.9333
SGN->HAN,23136,17479,9G882,VN-A286,VN-A284,A21N,A21N,1.9833
SGN->HAN,23576,17138,9G8802,VN-A286,VN-A279,A21N,A321,1.8167
SGN->HAN,23611,17131,VJ190,VN-A685,VN-A523,A321,A21N,4.1167
SGN->HAN,23635,17769,VJ160,VN-A538,VN-A634,A21N,A321,1.3667
SGN->HAN,23639,17756,VN270,VN-A505,VN-A327,A21N,A321,2.9167
SGN->HAN,23646,17759,VN7010,VN-A872,VN-A866,B78X,B789,2.9
SGN->HAN,23665,17760,VN224,VN-A358,VN-A605,A321,A321,3.6
SGN->HAN,23667,17777,9G882,VN-A284,VN-A286,A21N,A21N,2.2333
SGN->HAN,24098,17445,9G8802,VN-A284,VN-A286,A21N,A21N,1.3667
SGN->HAN,24163,18020,VN270,VN-A336,VN-A505,A321,A21N,2.2
SGN->HAN,24577,17748,9G8802,VN-A286,VN-A284,A21N,A21N,2.5333
SGN->HAN,24627,18279,VN270,VN-A326,VN-A336,A321,A321,1.3167
SGN->HAN,25022,18557,VU782,VN-A289,VN-A136,A321,A320,1.25
SGN->HAN,25032,18560,VN270,VN-A619,VN-A326,A21N,A321,1.8333
SGN->HAN,25037,18558,9G882,VN-A280,VN-A286,A321,A21N,2.25
SGN->HAN,25425,18266,VN9108,VN-A339,VN-A353,A321,A321,1.65
SGN->HAN,25476,18835,VN270,VN-A398,VN-A619,A321,A21N,1.8667
SGN->HAN,25492,18844,VN224,VN-A888,VN-A390,A359,A321,1.7333
SGN->HAN,25886,18546,VN9108,VN-A623,VN-A339,A21N,A321,1.6167
SGN->HAN,25937,19122,9G886,VN-A280,VN-A282,A321,A21N,0.6333
SGN->HAN,25943,19119,VN270,VN-A335,VN-A398,A321,A321,1.2167
SGN->HAN,25952,19126,VJ174,VN-A578,VN-A536,A21N,A21N,0.85
SGN->HAN,26374,18818,VN9108,VN-A865,VN-A623,B789,A21N,1.6
SGN->HAN,26415,18823,9G8802,VN-A280,VN-A279,A321,A321,3.2167
SGN->HAN,26438,19407,9G882,VN-A280,VN-A286,A321,A21N,0.3333
SGN->HAN,26445,19397,9G886,VN-A281,VN-A280,A21N,A321,2.0333
SGN->HAN,26450,19398,VN270,VN-A615,VN-A335,A321,A321,1.8333
SGN->HAN,26455,19402,VJ174,VN-A575,VN-A578,A21N,A21N,1.9167
SGN->HAN,26921,19105,9G8802,VN-A284,VN-A280,A21N,A321,0.8833
SGN->HAN,26967,19680,9G886,VN-A909,VN-A281,A20N,A21N,1.6667
SGN->HAN,26971,19684,VN270,VN-A358,VN-A615,A321,A321,1.55
SGN->HAN,26976,19678,9G8896,VN-A282,VN-A909,A21N,A20N,2.2
SGN->HAN,26979,19689,VJ156,VN-A643,VN-A630,A321,A321,1.4333
SGN->HAN,26983,19681,VN7010,VN-A878,VN-A865,B78X,B789,2.2333
SGN->HAN,26988,19677,9G882,VN-A279,VN-A280,A321,A321,2.85
SGN->HAN,27410,19375,VJ1124,VN-A649,VN-A642,A321,A321,1.4167
SGN->HAN,27411,19377,9G8902,VN-A284,VN-A281,A21N,A21N,1.35
SGN->HAN,27486,19965,9G886,VN-A280,VN-A909,A321,A20N,1.9167
SGN->HAN,27487,19963,VN224,VN-A332,VN-A395,A321,A321,2.1333
SGN->HAN,27488,19972,VJ156,VN-A657,VN-A643,A321,A321,1.6
SGN->HAN,27490,19967,VN270,VN-A398,VN-A358,A321,A321,1.9333
SGN->HAN,27529,19979,VJ180,VN-A820,VN-A810,A333,A333,2.6667
SGN->HAN,27548,19717,VJ196,VN-A639,VN-A816,A321,A333,1.7
SGN->HAN,27933,19660,VJ1166,VN-A642,VN-A644,A321,A321,0.9833
SGN->HAN,27952,19664,9G8802,VN-A280,VN-A279,A321,A321,1.1333
SGN->HAN,28000,20265,VN270,VN-A358,VN-A398,A321,A321,1.25
SGN->HAN,28001,20264,9G8894,VN-A285,VN-A282,A21N,A21N,1.35
SGN->HAN,28005,20261,9G886,VN-A284,VN-A280,A21N,A321,1.6833
SGN->HAN,28010,20262,VN224,VN-A610,VN-A332,A321,A321,1.9167
SGN->HAN,28469,19942,VJ1166,VN-A639,VN-A642,A321,A321,2.3833
SGN->HAN,28489,19946,9G8802,VN-A286,VN-A280,A21N,A321,2.4333
SGN->HAN,28506,19941,VJ182,VN-A578,VN-A634,A21N,A321,4.2
SGN->HAN,28528,20529,VJ178,VN-A545,VN-A630,A21N,A321,2.45
SGN->HAN,28533,20541,VN7010,VN-A356,VN-A888,A321,A359,1.45
SGN->HAN,28535,20531,VN270,VN-A617,VN-A358,A21N,A321,2.0667
SGN->HAN,28538,20523,VN7020,VN-A866,VN-A897,B789,A359,4.1667
SGN->HAN,28540,20532,9G8894,VN-A281,VN-A285,A21N,A21N,2.2
SGN->HAN,28546,20537,9G886,VN-A282,VN-A284,A21N,A21N,2.2167
SGN->HAN,29006,20249,9G8802,VN-A279,VN-A286,A321,A21N,0.5833
SGN->HAN,29015,20245,9G8896,VN-A281,VN-A284,A21N,A21N,1.9333
SGN->HAN,29033,20250,VJ182,VN-A632,VN-A578,A321,A21N,1.35
SGN->HAN,29060,20817,VN270,VN-A608,VN-A617,A321,A21N,1.3333
SGN->HAN,29063,20802,VJ182,VN-A636,VN-A657,A321,A321,3.55
SGN->HAN,29068,20824,9G886,VN-A281,VN-A282,A21N,A21N,1.2333
SGN->HAN,29072,20804,VN7294,VN-A874,VN-A514,B78X,A20N,3.4833
SGN->HAN,29081,20825,VJ174,VN-A552,VN-A500,A21N,A21N,1.7
SGN->HAN,29491,20517,VN7006,VN-A392,VN-A399,A321,A321,0.3167
SGN->HAN,29508,20514,VN7220,VN-A515,VN-A393,A20N,A321,1.8667
SGN->HAN,29535,20518,9G8802,VN-A280,VN-A279,A321,A321,2.4167
SGN->HAN,29571,21030,VJ178,VN-A633,VN-A697,A321,A21N,2.7167
SGN->HAN,29579,21038,VN270,VN-A611,VN-A608,A321,A321,2.0833
SGN->HAN,29602,21052,VJ158,VN-A650,VN-A629,A320,A321,1.95
SGN->HAN,30036,20800,9G8802,VN-A279,VN-A280,A321,A321,2.0833
SGN->HAN,30075,21129,VJ174,VN-A673,VN-A575,A321,A21N,3.7333
SGN->HAN,30076,21137,9G886,VN-A906,VN-A281,A21N,A21N,1.9833
SGN->HAN,30081,21139,VN224,VN-A339,VN-A501,A321,A21N,1.6167
SGN->HAN,30521,21025,9G8802,VN-A280,VN-A279,A321,A321,2.2667
SGN->HAN,30543,21210,VU782,VN-A136,VN-A289,A320,A321,2.9
SGN->HAN,30550,21215,9G892,VN-A282,VN-A909,A21N,A20N,2.4667
SGN->HAN,30551,21212,VJ178,VN-A657,VN-A672,A321,A320,2.95
SGN->HAN,30966,21130,9G8802,VN-A286,VN-A280,A21N,A321,1.4167
SGN->HAN,31004,21283,VN270,VN-A505,VN-A618,A21N,A21N,2.4833
SGN->HAN,31014,21289,9G886,VN-A906,VN-A281,A21N,A21N,1.8
SGN->HAN,31419,21396,VU782,VN-A136,VN-A289,A320,A321,1.6167
SGN->HAN,31422,21397,VN270,VN-A390,VN-A505,A321,A21N,1.6
SGN->HAN,31424,21400,9G886,VN-A285,VN-A906,A21N,A21N,1.3333
SGN->HAN,31806,21279,9G8802,VN-A279,VN-A280,A321,A321,2.2667
SGN->HAN,31824,21583,VN270,VN-A503,VN-A390,A21N,A321,1.5667
SGN->HAN,31825,21571,VJ178,VN-A542,VN-A657,A321,A321,3.6833
SGN->HAN,31830,21585,9G886,VN-A284,VN-A285,A21N,A21N,1.95
SGN->HAN,32220,21394,VN7232,VN-A618,VN-A513,A21N,A20N,1.6833
SGN->HAN,32227,21756,9G886,VN-A282,VN-A284,A21N,A21N,1.1
SGN->HAN,32229,21749,VJ174,VN-A607,VN-A671,A21N,A320,2.8667
SGN->HAN,32618,21926,VJ182,VN-A656,VN-A644,A320,A321,1.7833
SGN->HAN,32623,21931,VN270,VN-A608,VN-A614,A321,A321,1.5667
SGN->HAN,33005,22093,VJ182,VN-A653,VN-A656,A21N,A320,1.7667
SGN->HAN,33007,22096,9G892,VN-A284,VN-A285,A21N,A21N,1.9833
SGN->HAN,33009,22099,VN270,VN-A616,VN-A608,A21N,A321,1.6667
SGN->HAN,33010,22094,VJ178,VN-A578,VN-A675,A21N,A320,2.2667
SGN->HAN,33013,22088,9G886,VN-A285,VN-A286,A21N,A21N,4.2333
SGN->HAN,33389,22248,VJ182,VN-A522,VN-A653,A321,A21N,1.6833
SGN->HAN,33390,22252,9G892,VN-A281,VN-A284,A21N,A21N,1.4
SGN->HAN,33393,22253,VN270,VN-A335,VN-A616,A321,A21N,1.5667
SGN->HAN,33394,22254,VJ178,VN-A632,VN-A578,A321,A21N,1.6
SGN->HAN,34162,22706,VJ182,VN-A635,VN-A685,A321,A321,3.5333
SGN->HAN,34165,22711,VN270,VN-A331,VN-A514,A321,A20N,2.1833
SGN->HAN,34168,22717,9G886,VN-A908,VN-A906,A20N,A21N,1.4
SGN->HAN,34172,22718,VN224,VN-A505,VN-A602,A21N,A321,1.9667
SGN->HAN,34545,22867,VJ182,VN-A657,VN-A635,A321,A321,1.35
SGN->HAN,34551,22871,9G886,VN-A286,VN-A908,A21N,A20N,1.75
SGN->HAN,34926,23002,VJ182,VN-A535,VN-A657,A321,A321,1.8167
SGN->HAN,34933,23007,9G886,VN-A908,VN-A286,A20N,A21N,1.5833
SGN->HAN,35310,23155,VN270,VN-A338,VN-A336,A321,A321,1.65
SGN->HAN,35317,23158,9G886,VN-A284,VN-A908,A21N,A20N,2.0
SGN->HAN,35689,23323,9G886,VN-A280,VN-A284,A321,A21N,1.25
SGN->HAN,35690,23322,VJ178,VN-A673,VN-A689,A321,A320,1.5333
SGN->HAN,35695,23325,VJ174,VN-A810,VN-A629,A333,A321,1.6667
SGN->HAN,36058,23450,VN270,VN-A358,VN-A611,A321,A321,1.1167
SGN->HAN,36064,23452,VJ178,VN-A637,VN-A673,A321,A321,1.5167
SGN->HAN,36067,23455,VJ174,VN-A666,VN-A810,A320,A333,1.7
SGN->HAN,36424,23546,VJ178,VN-A552,VN-A637,A21N,A321,1.25
SGN->HAN,36429,23541,VN270,VN-A397,VN-A358,A321,A321,2.4167
DAD->SGN,113,331,VJ643,VN-A663,VN-A542,A320,A321,2.0667
DAD->SGN,228,697,VJ643,VN-A641,VN-A663,A321,A320,1.35
DAD->SGN,355,1047,VJ643,VN-A632,VN-A641,A321,A321,0.6833
DAD->SGN,478,1417,VJ647,VN-A685,VN-A655,A321,A320,2.15
DAD->SGN,481,1403,VJ643,VN-A687,VN-A632,A321,A321,2.6167
DAD->SGN,732,2171,VJ647,VN-A699,VN-A685,A320,A321,1.4167
DAD->SGN,866,2548,VJ647,VN-A632,VN-A699,A321,A320,1.8667
DAD->SGN,869,2549,VN7129,VN-A323,VN-A324,A321,A321,1.15
DAD->SGN,1065,3092,VN127,,VN-A395,,A321,1.45
DAD->SGN,1259,3608,VJ647,VN-A672,VN-A684,A320,A321,3.75
DAD->SGN,1403,3995,VJ647,VN-A633,VN-A672,A321,A320,0.35
DAD->SGN,1534,4345,VJ647,VN-A668,VN-A633,A320,A321,2.9833
DAD->SGN,1540,4343,VJ643,VN-A634,VN-A670,A321,A321,1.45
DAD->SGN,1683,4746,VN7125,VN-A353,VN-A513,A321,A20N,0.1
DAD->SGN,1816,5098,VN7125,VN-A395,VN-A353,A321,A321,2.2667
DAD->SGN,1955,5494,VN7125,VN-A393,VN-A395,A321,A321,1.5
DAD->SGN,2100,5883,VN7125,VN-A606,VN-A393,A321,A321,0.45
DAD->SGN,2102,5876,VJ647,VN-A535,VN-A552,A321,A21N,1.5333
DAD->SGN,2250,6271,VJ647,,VN-A535,,A321,0.1333
DAD->SGN,2260,6261,VJ643,VN-A553,VN-A637,A21N,A321,0.9333
DAD->SGN,2392,6625,VJ647,LY-NVG,LY-NVE,A320,A320,4.55
DAD->SGN,2396,6633,VJ643,VN-A553,VN-A647,A21N,A321,2.05
DAD->SGN,2540,7013,VJ643,VN-A642,VN-A553,A321,A21N,1.5833
DAD->SGN,2678,7397,VJ647,LY-MLN,LY-NVG,A320,A320,2.2333
DAD->SGN,2686,7401,VJ643,VN-A632,VN-A642,A321,A321,1.7833
DAD->SGN,2979,8548,VJ647,LY-NVE,LY-NVG,A320,A320,1.1
DAD->SGN,2984,8543,VJ643,VN-A544,VN-A553,A321,A21N,1.45
DAD->SGN,3111,8906,VJ647,LY-MLN,LY-NVE,A320,A320,2.3333
DAD->SGN,3233,9289,VJ647,LY-NVE,LY-MLN,A320,A320,1.7
DAD->SGN,3365,9668,VJ647,LY-MLN,LY-NVE,A320,A320,1.55
DAD->SGN,3377,9650,VJ643,VN-A653,VN-A644,A21N,A321,1.2667
DAD->SGN,3511,10023,VJ643,,VN-A653,,A21N,0.9833
DAD->SGN,3633,10399,VJ647,LY-NVE,LY-MLN,A320,A320,2.3
DAD->SGN,3758,10777,VJ647,LY-MLI,LY-NVE,A320,A320,0.3833
DAD->SGN,3893,11129,VJ647,LY-MLN,LY-MLI,A320,A320,2.1833
DAD->SGN,3898,11144,VJ643,VN-A684,VN-A553,A321,A21N,1.4
DAD->SGN,4157,11877,VJ643,VN-A644,VN-A684,A321,A321,1.3167
DAD->SGN,4286,12271,VJ647,LY-MLI,LY-MLN,A320,A320,1.0833
DAD->SGN,4291,12255,VJ643,VN-A689,VN-A644,A320,A321,1.0167
DAD->SGN,4419,12640,VJ647,LY-NVE,LY-MLI,A320,A320,1.65
DAD->SGN,4423,12618,VJ643,VN-A642,VN-A689,A321,A320,2.0333
DAD->SGN,4553,13016,VJ647,LY-MLN,LY-NVE,A320,A320,1.3667
DAD->SGN,4685,13344,VJ647,LY-NVE,LY-MLN,A320,A320,1.8833
DAD->SGN,4825,13722,VJ647,LY-MLN,LY-NVE,A320,A320,1.8
DAD->SGN,4834,13713,VJ643,VN-A647,VN-A669,A321,A320,1.3333
DAD->SGN,4964,14087,VJ643,VN-A643,VN-A647,A321,A321,2.2667
DAD->SGN,5091,14474,VJ643,VN-A636,VN-A643,A321,A321,1.8
DAD->SGN,5227,14865,VJ643,VN-A637,VN-A636,A321,A321,0.6667
DAD->SGN,5359,15233,VJ643,VN-A651,VN-A637,A321,A321,2.2
DAD->SGN,6024,17133,VJ643,VN-A675,VN-A642,A320,A321,1.3333
DAD->SGN,6157,17547,VJ643,VN-A644,VN-A675,A321,A320,2.4
DAD->SGN,6291,17957,VJ643,VN-A636,VN-A644,A321,A321,1.8833
DAD->SGN,6696,19178,VN7123,9H-MLO,9H-MLE,A320,A320,2.4833
DAD->SGN,6839,19638,VN7123,VN-A393,9H-MLO,A321,A320,1.85
DAD->SGN,6841,19638,VN7123,9H-MLE,9H-MLO,A320,A320,1.0167
DAD->SGN,6842,19626,VN7141,,VN-A612,,A321,1.5833
DAD->SGN,6853,19619,VN7143,VN-A326,VN-A503,A321,A21N,0.8
DAD->SGN,6976,20074,VN7123,9H-MLE,VN-A393,A320,A321,1.85
DAD->SGN,6989,20063,VN7143,,VN-A326,,A321,2.2167
DAD->SGN,6992,20052,VU669,,9H-MLW,,A320,0.75
DAD->SGN,7111,20562,VJ647,,LY-MLN,,A320,0.5833
DAD->SGN,7117,20545,VJ643,VN-A684,VN-A673,A321,A321,2.2333
DAD->SGN,7256,21022,VJ643,VN-A648,VN-A684,A321,A321,1.5
DAD->SGN,7263,21017,VN7121,VN-A508,9H-MLE,A21N,A320,1.25
DAD->SGN,7277,20980,VU669,,9H-MLW,,A320,0.5833
DAD->SGN,7407,21502,VN7141,VN-A323,VN-A334,A321,A321,1.6667
DAD->SGN,7411,21506,VN7123,,9H-MLE,,A320,0.9667
DAD->SGN,7421,21483,QH193,VN-A227,ER-00005,A321,A320,0.0667
DAD->SGN,7530,22035,VU685,,9H-MLW,,A320,1.3333
DAD->SGN,7532,22034,VN7143,,VN-A336,,A321,1.15
DAD->SGN,7534,22006,VJ647,,LY-MLN,,A320,1.0833
DAD->SGN,7544,21979,VN7123,,9H-MLE,,A320,3.4833
DAD->SGN,7568,21953,VJ1631,VN-A535,VN-A523,A321,A21N,1.0333
DAD->SGN,7680,22536,VN143,VN-A514,VN-A507,A20N,A21N,1.8333
DAD->SGN,7690,22480,VN7149,VN-A396,VN-A611,A321,A321,2.9833
DAD->SGN,7694,22488,VJ643,,VN-A535,,A321,2.8833
DAD->SGN,7702,22473,VN7141,VN-A602,VN-A323,A321,A321,2.2667
DAD->SGN,7706,22480,VN7149,VN-A323,VN-A611,A321,A321,2.4
DAD->SGN,7724,22957,VN7147,,VN-A606,,A321,1.7
DAD->SGN,7841,23013,VN7141,,VN-A602,,A321,3.1667
DAD->SGN,7847,23038,VJ647,,LY-MLN,,A320,1.0833
DAD->SGN,7849,23017,VN7149,VN-A323,VN-A396,A321,A321,2.2667
DAD->SGN,7860,22988,VN7121,VN-A614,VN-A621,A321,A21N,1.5
DAD->SGN,7987,23583,VN143,VN-A608,VN-A514,A321,A20N,1.55
DAD->SGN,8001,23526,VJ643,VN-A553,VN-A649,A21N,A321,3.75
DAD->SGN,8024,23490,VN7147,VN-A604,VN-A396,A321,A321,1.65
DAD->SGN,8142,24108,VN143,VN-A515,VN-A608,A20N,A321,2.2
DAD->SGN,8145,24113,VU685,,9H-MLW,,A320,1.55
DAD->SGN,8150,24067,VJ647,VN-A684,LY-MLN,A321,A320,3.1167
DAD->SGN,8161,24093,VJ643,,VN-A553,,A21N,0.8333
DAD->SGN,8162,24061,VN7033,VN-A339,VN-A338,A321,A321,3.2833
DAD->SGN,8178,24030,QH193,PK-BBK,VN-A227,B739,A321,2.0
DAD->SGN,8288,24593,VJ647,LY-MLN,VN-A684,A320,A321,2.5833
DAD->SGN,8293,24579,VN7123,,9H-MLE,,A320,2.5833
DAD->SGN,8298,24576,VN7121,,VN-A357,,A321,1.95
DAD->SGN,8557,25420,VN143,VN-A514,VN-A327,A20N,A321,1.9833
DAD->SGN,8573,25433,VN7123,,9H-MLE,,A320,1.15
DAD->SGN,8719,25869,VJ643,VN-A644,VN-A632,A321,A321,1.45
DAD->SGN,8726,25875,VN7121,VN-A619,VN-A616,A21N,A21N,1.2167
DAD->SGN,8727,25870,VN7141,VN-A618,VN-A358,A21N,A321,1.25
DAD->SGN,8744,25850,VN7147,VN-A609,VN-A512,A321,A21N,1.0
DAD->SGN,8872,26364,VJ643,VN-A649,VN-A644,A321,A321,2.9333
DAD->SGN,8874,26369,VN7123,9H-MLO,9H-MLE,A320,A320,1.95
DAD->SGN,8880,26369,VN7123,,9H-MLE,,A320,1.2833
DAD->SGN,8881,26378,VN7121,VN-A616,VN-A619,A21N,A21N,0.7833
DAD->SGN,8882,26372,VN7141,VN-A336,VN-A618,A321,A21N,1.3167
DAD->SGN,8891,26353,VN7937,VN-A619,VN-A508,A21N,A21N,1.2167
DAD->SGN,8895,26343,VN7147,VN-A395,VN-A609,A321,A321,0.9833
DAD->SGN,8898,26341,VN7103,VN-A392,VN-A399,A321,A321,1.1
DAD->SGN,8900,26347,QH193,PK-BBK,VN-A227,B739,A321,0.2167
DAD->SGN,8904,26325,VN7105,VN-A398,VN-A616,A321,A21N,1.0833
DAD->SGN,9028,26902,VJ643,VN-A537,VN-A649,A21N,A321,0.7667
DAD->SGN,9030,26874,VN7123,,9H-MLO,,A320,2.5
DAD->SGN,9036,26873,VN7121,VN-A508,VN-A616,A21N,A21N,2.3
DAD->SGN,9050,26843,QH193,VN-A227,PK-BBK,A321,B739,2.7333
DAD->SGN,9051,26861,VN7147,VN-A323,VN-A395,A321,A321,1.3
DAD->SGN,9054,26860,VN7103,VN-A326,VN-A392,A321,A321,0.6333
DAD->SGN,9059,26841,VN7105,VN-A611,VN-A398,A321,A321,1.05
DAD->SGN,9185,27437,VN7149,VN-A324,VN-A616,A321,A21N,0.8
DAD->SGN,9188,27403,VJ643,,VN-A537,,A21N,1.2167
DAD->SGN,9190,27361,VN7123,9H-MLE,VN-A514,A320,A20N,4.3833
DAD->SGN,9198,27407,VN7121,VN-A625,VN-A508,A21N,A21N,1.3833
DAD->SGN,9213,27382,VN7147,VN-A390,VN-A323,A321,A321,0.0667
DAD->SGN,9217,27366,VN7103,VN-A323,VN-A326,A321,A321,1.2
DAD->SGN,9220,27357,VN7107,VN-A610,VN-A356,A321,A321,0.4
DAD->SGN,9340,27897,VJ643,VN-A524,VN-A657,A21N,A321,3.6833
DAD->SGN,9342,27932,VN7123,9H-MLO,9H-MLE,A320,A320,1.9
DAD->SGN,9349,27911,VN7121,VN-A617,VN-A625,A21N,A21N,1.3167
DAD->SGN,9350,27917,VN7141,VN-A616,VN-A508,A21N,A21N,2.0667
DAD->SGN,9361,27876,VN7147,VN-A325,VN-A390,A321,A321,2.2
DAD->SGN,9362,27898,VN7059,VN-A508,VN-A503,A21N,A21N,0.8833
DAD->SGN,9365,27880,VN7103,VN-A622,VN-A323,A21N,A321,2.0167
DAD->SGN,9493,28464,VN7123,9H-MLE,9H-MLO,A320,A320,1.25
DAD->SGN,9499,28436,VN7121,VN-A601,VN-A617,A321,A21N,2.45
DAD->SGN,9512,28425,VN7147,VN-A324,VN-A325,A321,A321,0.4833
DAD->SGN,9516,28427,VN7103,VN-A604,VN-A622,A321,A21N,1.0
DAD->SGN,9519,28409,VN7107,VN-A326,VN-A603,A321,A321,0.4333
DAD->SGN,9520,28407,VN7105,VN-A613,VN-A625,A321,A21N,1.0333
DAD->SGN,9641,28990,VJ647,,LY-MLN,,A320,1.7333
DAD->SGN,9656,28975,VN7121,VN-A625,VN-A601,A21N,A321,1.8833
DAD->SGN,9671,28943,VN7147,VN-A390,VN-A324,A321,A321,2.4333
DAD->SGN,9674,28952,VN7103,VN-A399,VN-A604,A321,A321,0.9333
DAD->SGN,9675,28936,VJ1631,VN-A644,VN-A534,A321,A21N,1.0333
DAD->SGN,9678,28956,QH193,PK-BBK,VN-A227,B739,A321,0.05
DAD->SGN,9679,28934,VN7105,VN-A339,VN-A613,A321,A321,1.1333
DAD->SGN,9809,29515,VJ643,VN-A670,VN-A644,A321,A321,1.7
DAD->SGN,9817,29490,VN7121,VN-A617,VN-A625,A21N,A21N,1.6333
DAD->SGN,9818,29495,VN7141,VN-A393,VN-A392,A321,A321,1.9
DAD->SGN,9830,29461,VU669,,9H-MLW,,A320,1.5167
DAD->SGN,9831,29480,VN7147,VN-A332,VN-A390,A321,A321,1.05
DAD->SGN,9834,29472,VN7103,VN-A395,VN-A399,A321,A321,0.65
DAD->SGN,9836,29457,VN7107,VN-A353,VN-A604,A321,A321,0.7
DAD->SGN,9837,29455,VN7105,VN-A390,VN-A339,A321,A321,0.75
DAD->SGN,9905,29984,VN7121,VN-A625,VN-A617,A21N,A21N,2.1167
DAD->SGN,9907,29994,VN7141,VN-A336,VN-A393,A321,A321,1.5167
DAD->SGN,10040,30485,VJ1625,VN-A637,VN-A648,A321,A321,1.9667
DAD->SGN,10041,30476,VN143,9H-MLO,VN-A513,A320,A20N,1.5167
DAD->SGN,10053,30450,VJ643,VN-A640,VN-A653,A321,A21N,1.8667
DAD->SGN,10055,30486,VN7123,VN-A514,9H-MLO,A20N,A320,1.25
DAD->SGN,10061,30468,VN7121,VN-A617,VN-A625,A21N,A21N,1.35
DAD->SGN,10205,30933,VN7123,VN-A617,VN-A514,A21N,A20N,1.2667
DAD->SGN,10213,30916,VN7121,VN-A503,VN-A617,A21N,A21N,1.0833
DAD->SGN,10344,31350,VN7123,VN-A390,VN-A617,A321,A21N,1.7833
DAD->SGN,10346,31362,VJ643,VN-A635,VN-A640,A321,A321,0.5833
DAD->SGN,10353,31334,VN7121,VN-A358,VN-A503,A321,A21N,1.75
DAD->SGN,10487,31754,VN7123,VN-A356,VN-A390,A321,A321,0.5667
DAD->SGN,10494,31740,VN7121,VN-A357,VN-A358,A321,A321,1.1167
DAD->SGN,10589,31847,VJ639,VN-A639,VN-A673,A321,A321,1.7667
DAD->SGN,10764,32526,VJ643,VN-A545,VN-A634,A21N,A321,2.0667
DAD->SGN,10895,32923,VJ647,VN-A636,LY-MLN,A321,A320,1.9667
DAD->SGN,10901,32916,VJ643,VN-A645,VN-A545,A321,A21N,2.1
DAD->SGN,11039,33227,VJ643,VN-A643,VN-A645,A321,A321,1.7
DAD->SGN,11184,33610,VJ643,VN-A633,VN-A643,A321,A321,1.7333
DAD->SGN,11325,33981,VJ643,VN-A636,VN-A633,A321,A321,2.0
DAD->SGN,11583,34411,VJ641,VN-A643,VN-A657,A321,A321,1.7333
DAD->SGN,11584,34411,VJ641,VN-A643,VN-A657,A321,A321,2.9833
DAD->SGN,11884,35491,VJ647,LY-NVG,LY-MLI,A320,A320,1.6
DAD->SGN,12024,35852,VJ647,LY-MLI,LY-NVG,A320,A320,1.85
DAD->SGN,12166,36224,VJ647,LY-NVE,LY-MLI,A320,A320,1.3667
DAD->SGN,12307,36565,VJ647,LY-MLN,LY-NVE,A320,A320,1.65
DAD->HAN,111,284,VN7192,,VN-A508,,A21N,1.3833
DAD->HAN,606,1481,VN7192,VN-A501,VN-A335,A21N,A321,0.7333
DAD->HAN,743,1786,VN7192,VN-A514,VN-A501,A20N,A21N,1.3
DAD->HAN,867,2086,VN7192,VN-A623,VN-A514,A21N,A20N,2.2167
DAD->HAN,1000,2398,VN7192,VN-A505,VN-A623,A21N,A21N,0.75
DAD->HAN,1130,2670,VN7192,VN-A514,VN-A505,A20N,A21N,1.6333
DAD->HAN,1264,2982,VN7192,VN-A604,VN-A514,A321,A20N,1.25
DAD->HAN,1402,3296,VN7192,VN-A514,VN-A604,A20N,A321,1.5667
DAD->HAN,1539,3614,VN7192,VN-A515,VN-A514,A20N,A20N,1.1167
DAD->HAN,1675,3924,VJ520,,VN-A538,,A21N,1.2167
DAD->HAN,1680,3913,VJ522,VN-A693,VN-A687,A21N,A321,3.15
DAD->HAN,1682,3927,VN7192,VN-A514,VN-A515,A20N,A20N,1.45
DAD->HAN,1813,4235,VJ520,VN-A516,VN-A528,A21N,A21N,1.45
DAD->HAN,1819,4239,VJ522,VN-A546,VN-A693,A21N,A21N,0.8
DAD->HAN,1821,4249,VN7192,VN-A512,VN-A514,A21N,A20N,0.8167
DAD->HAN,1953,4552,VJ520,VN-A677,VN-A516,A321,A21N,3.0333
DAD->HAN,1959,4548,VJ522,VN-A526,VN-A546,A21N,A21N,2.5833
DAD->HAN,1962,4558,VN7192,VN-A329,VN-A512,A321,A21N,1.2833
DAD->HAN,2101,4890,VJ520,VN-A689,VN-A677,A320,A321,1.5333
DAD->HAN,2104,4882,VJ522,VN-A677,VN-A526,A321,A21N,0.95
DAD->HAN,2108,4879,VN7192,VN-A338,VN-A329,A321,A321,0.6667
DAD->HAN,2254,5188,VJ522,VN-A667,VN-A677,A321,A321,1.6833
DAD->HAN,2397,5493,VJ522,VN-A674,VN-A667,A21N,A321,1.7667
DAD->HAN,2535,5810,VJ522,VN-A643,VN-A674,A321,A21N,2.4333
DAD->HAN,2538,5818,VN7192,VN-A332,VN-A514,A321,A20N,1.1
DAD->HAN,2680,6142,VJ522,VN-A578,VN-A643,A21N,A321,1.4333
DAD->HAN,2685,6139,VN7192,VN-A326,VN-A332,A321,A321,0.2333
DAD->HAN,4028,9637,VJ522,VN-A656,VN-A632,A320,A321,0.5167
DAD->HAN,4030,9640,VN7192,VN-A608,VN-A323,A321,A321,0.9167
DAD->HAN,4292,10152,VN7192,VN-A398,VN-A612,A321,A321,0.7
DAD->HAN,4662,10721,VN180,,VN-A515,,A20N,0.9833
DAD->HAN,4671,10717,VN7176,,VN-A501,,A21N,1.3167
DAD->HAN,4687,10912,VJ522,VN-A636,VN-A635,A321,A321,1.4
DAD->HAN,4691,10911,VN7192,VN-A608,VN-A606,A321,A321,0.8333
DAD->HAN,4829,11196,VN7192,VN-A606,VN-A608,A321,A321,1.3
DAD->HAN,4963,11485,VN7192,VN-A601,VN-A606,A321,A321,1.1667
DAD->HAN,5090,11780,VN7192,VN-A623,VN-A601,A21N,A321,0.8833
DAD->HAN,5226,12051,VN7192,VN-A329,VN-A623,A321,A21N,1.2667
DAD->HAN,5492,12605,VN7192,VN-A609,VN-A512,A321,A21N,1.6833
DAD->HAN,5758,13138,VN7192,VN-A625,VN-A605,A21N,A321,2.4167
DAD->HAN,5885,13424,VJ518,VN-A637,VN-A685,A321,A321,0.9667
DAD->HAN,5894,13423,VN7192,VN-A601,VN-A625,A321,A21N,0.85
DAD->HAN,6023,13716,VN7192,VN-A611,VN-A601,A321,A321,1.55
DAD->HAN,6156,14001,VN7192,VN-A515,VN-A611,A20N,A321,1.05
DAD->HAN,6833,15065,VN7192,VN-A514,VN-A603,A20N,A321,0.2833
DAD->HAN,7109,15632,VJ520,VN-A542,VN-A642,A321,A321,4.4
DAD->HAN,7254,15968,VN7192,VN-A601,VN-A356,A321,A321,1.1333
DAD->HAN,7391,16265,VJ520,VN-A639,VN-A552,A321,A21N,2.2333
DAD->HAN,7832,17433,VU658,,VN-A129,,A321,2.4667
DAD->HAN,8146,17780,VJ520,VN-A548,VN-A633,A21N,A321,1.5667
DAD->HAN,9532,20483,VN156,,VN-A324,,A321,1.6667
DAD->HAN,10340,21290,VJ522,VN-A522,VN-A673,A321,A321,1.4333
DAD->HAN,10485,21399,VN7192,VN-A327,VN-A604,A321,A321,1.1333
DAD->HAN,10621,21587,VN7192,VN-A324,VN-A327,A321,A321,0.4167
DAD->HAN,10763,21752,VN7192,VN-A608,VN-A324,A321,A321,1.8667
DAD->HAN,10900,21934,VN7192,VN-A618,VN-A608,A21N,A321,1.1667
DAD->HAN,11034,22098,VJ522,VN-A657,VN-A629,A321,A321,2.0667
DAD->HAN,11038,22103,VN7192,VN-A395,VN-A618,A321,A21N,0.9167
DAD->HAN,11179,22257,VJ522,VN-A675,VN-A657,A320,A321,1.5167
DAD->HAN,11183,22251,VN7192,VN-A611,VN-A395,A321,A321,1.3
DAD->HAN,11594,22875,VJ520,VN-A647,VN-A500,A321,A21N,2.5833
DAD->HAN,11602,22874,VN7192,VN-A331,VN-A603,A321,A321,1.1333
DAD->HAN,11746,23009,VN7192,VN-A392,VN-A331,A321,A321,1.1667
DAD->HAN,12172,23457,VN7192,VN-A619,VN-A329,A21N,A321,0.2
DAD->HAN,12311,23543,VN7192,VN-A325,VN-A619,A321,A21N,2.0333
HAN->SGN,17,344,VJ123,VN-A549,VN-A546,A21N,A21N,1.8333
HAN->SGN,280,687,VJ171,,VN-A661,—,A321,1.65
HAN->SGN,581,1057,VJ123,VN-A685,VN-A549,A321,A21N,1.4833
HAN->SGN,875,1407,VJ161,VN-A539,VN-A630,A21N,A321,2.6
HAN->SGN,876,1423,VN267,VN-A329,VN-A886,A321,A359,1.6667
HAN->SGN,1172,1765,VJ123,VN-A550,VN-A693,A21N,A21N,2.9667
HAN->SGN,1174,1786,QH283,VN-A596,PK-BBK,A20N,B739,1.15
HAN->SGN,1186,1793,VN267,VN-A326,VN-A329,A321,A321,1.95
HAN->SGN,1488,2148,VJ171,VN-A811,VN-A632,A333,A321,2.0667
HAN->SGN,1496,2156,QH283,PK-BBK,VN-A596,B739,A20N,2.0833
HAN->SGN,1500,2155,VJ123,VN-A674,VN-A550,A21N,A21N,2.65
HAN->SGN,1506,2175,VN267,VN-A399,VN-A326,A321,A321,1.65
HAN->SGN,1800,2525,VJ171,VN-A534,VN-A811,A21N,A333,1.5833
HAN->SGN,1809,2554,VN267,VN-A339,VN-A399,A321,A321,1.4333
HAN->SGN,1810,2545,VJ123,VN-A537,VN-A674,A21N,A21N,1.9667
HAN->SGN,2103,2917,QH283,ER-00005,PK-BBK,A320,B739,1.8167
HAN->SGN,2106,2919,VN267,VN-A872,VN-A339,B78X,A321,2.0
HAN->SGN,2107,2926,VJ123,VN-A525,VN-A537,A21N,A21N,1.7333
HAN->SGN,2408,3268,VJ123,VN-A536,VN-A525,A21N,A21N,1.5833
HAN->SGN,2690,3623,9G895,VN-A284,VN-A282,A21N,A21N,1.5333
HAN->SGN,3004,3979,VN267,VN-A331,VN-A865,A321,B789,2.3
HAN->SGN,3323,4364,VN267,VN-A393,VN-A331,A321,A321,1.75
HAN->SGN,3324,4350,VJ123,VN-A548,VN-A544,A21N,A321,2.5833
HAN->SGN,3326,4375,VJ155,VN-A671,VN-A666,A320,A320,1.4333
HAN->SGN,3650,4738,VN267,VN-A325,VN-A393,A321,A321,2.1167
HAN->SGN,3946,5125,VN267,VN-A625,VN-A325,A21N,A321,1.2
HAN->SGN,3949,5092,VJ123,VN-A693,VN-A810,A21N,A333,4.3833
HAN->SGN,4253,5476,VJ171,VN-A817,VN-A810,A333,A333,2.8667
HAN->SGN,4266,5498,VJ123,VN-A525,VN-A693,A21N,A21N,1.6833
HAN->SGN,4572,5864,VJ171,VN-A816,VN-A817,A333,A333,1.3833
HAN->SGN,4588,5854,VN267,VN-A866,VN-A336,B789,A321,4.1333
HAN->SGN,4900,6255,VJ171,VN-A814,VN-A816,A333,A333,2.0333
HAN->SGN,4908,6251,VJ123,VN-A575,VN-A644,A21N,A321,3.4333
HAN->SGN,4910,6280,VN265,VN-A879,VN-A871,B78X,B789,1.9167
HAN->SGN,5216,6650,VJ123,VN-A647,VN-A575,A321,A21N,1.2667
HAN->SGN,5523,7024,9G895,VN-A281,VN-A284,A21N,A21N,1.9333
HAN->SGN,5525,7021,VJ123,VN-A527,VN-A647,A21N,A321,2.4167
HAN->SGN,5818,7394,VJ171,VN-A815,VN-A553,A333,A21N,2.2
HAN->SGN,5824,7413,VJ123,VN-A528,VN-A527,A21N,A21N,1.1167
HAN->SGN,5828,7409,VJ161,VN-A544,VN-A523,A321,A21N,1.4667
HAN->SGN,5830,7412,VN7049,VN-A331,VN-A397,A321,A321,1.5333
HAN->SGN,5841,7393,VU791,VN-A136,VN-A129,A320,A321,3.6833
HAN->SGN,6145,7788,VN267,VN-A503,VN-A325,A21N,A321,1.8833
HAN->SGN,6147,7802,VN7049,VN-A326,VN-A331,A321,A321,1.3833
HAN->SGN,6153,7813,VU791,VN-A129,VN-A136,A321,A320,1.65
HAN->SGN,6155,7792,VJ123,VN-A526,VN-A528,A21N,A21N,2.6667
HAN->SGN,7035,8551,VJ123,VN-A578,VN-A539,A21N,A21N,1.3333
HAN->SGN,7335,8898,VJ171,VN-A810,VN-A644,A333,A321,3.0333
HAN->SGN,7340,8918,VJ123,VN-A658,VN-A578,A320,A21N,1.4333
HAN->SGN,7648,9285,VJ123,VN-A548,VN-A658,A21N,A320,1.7333
HAN->SGN,7651,9292,VN267,VN-A324,VN-A501,A321,A21N,1.7167
HAN->SGN,7652,9290,VJ161,VN-A632,VN-A526,A321,A21N,1.8667
HAN->SGN,7947,9646,VJ171,VN-A815,VN-A662,A333,A320,2.2167
HAN->SGN,7961,9666,VJ123,VN-A545,VN-A548,A21N,A21N,2.0
HAN->SGN,8261,10024,VJ171,VN-A811,VN-A815,A333,A333,2.1
HAN->SGN,8270,10044,VJ123,VN-A539,VN-A545,A21N,A21N,1.7333
HAN->SGN,8561,10397,VJ171,VN-A820,VN-A811,A333,A333,1.5667
HAN->SGN,8564,10403,QH283,JU-1410,PK-BBK,A320,B739,1.4333
HAN->SGN,8849,10772,VJ161,VN-A532,VN-A552,A321,A21N,0.9333
HAN->SGN,8853,10764,QH283,PK-BBK,JU-1410,B739,A320,1.85
HAN->SGN,9155,11127,VJ171,VN-A575,VN-A675,A21N,A320,2.3833
HAN->SGN,9165,11150,9G895,VN-A279,VN-A281,A321,A21N,1.5167
HAN->SGN,9463,11509,VJ171,VN-A820,VN-A575,A333,A21N,1.55
HAN->SGN,9471,11522,9G895,VN-A281,VN-A279,A21N,A321,1.85
HAN->SGN,9786,11896,VJ123,VN-A578,VN-A534,A21N,A21N,1.4167
HAN->SGN,10067,12270,9G895,VN-A286,VN-A281,A21N,A21N,1.55
HAN->SGN,10070,12267,VJ123,VN-A630,VN-A578,A321,A21N,1.8833
HAN->SGN,10342,12644,VJ123,VN-A500,VN-A630,A21N,A321,1.7167
HAN->SGN,10579,13001,VJ171,VN-A642,VN-A637,A321,A321,1.6833
HAN->SGN,10591,13023,VJ123,VN-A693,VN-A500,A21N,A21N,1.6167
HAN->SGN,10883,13330,VJ171,VN-A639,VN-A642,A321,A321,1.7167
HAN->SGN,10889,13345,VN6025,VN-A354,VN-A363,A321,A321,1.5167
HAN->SGN,10893,13350,VJ123,VN-A575,VN-A693,A21N,A21N,1.8333
HAN->SGN,11157,13706,VJ171,VN-A656,VN-A639,A320,A321,1.85
HAN->SGN,11164,13717,VN6025,VN-A363,VN-A354,A321,A321,1.7667
HAN->SGN,11170,13729,VJ123,VN-A687,VN-A575,A321,A21N,1.4167
HAN->SGN,11471,14088,VJ171,VN-A811,VN-A656,A333,A320,1.8833
HAN->SGN,11479,14107,VJ123,VN-A668,VN-A687,A320,A321,1.6
HAN->SGN,11787,14477,VN6025,VN-A354,VN-A363,A321,A321,1.55
HAN->SGN,11793,14486,VJ123,VN-A658,VN-A668,A320,A320,1.6333
HAN->SGN,11889,14231,VJ191,VN-A663,VN-A672,A320,A320,1.6333
HAN->SGN,12107,14872,VJ123,VN-A534,VN-A658,A21N,A320,2.1167
HAN->SGN,12422,15239,VN6025,VN-A363,VN-A354,A321,A321,1.9667
HAN->SGN,12424,15257,VJ123,VN-A685,VN-A534,A321,A21N,0.85
HAN->SGN,12719,15620,VJ123,VN-A525,VN-A685,A21N,A321,2.5833
HAN->SGN,13008,15985,VN6025,VN-A359,VN-A363,A321,A321,4.4
HAN->SGN,13012,16011,VJ123,VN-A549,VN-A525,A21N,A21N,1.45
HAN->SGN,13014,15997,VN267,VN-A336,VN-A329,A321,A321,2.6833
HAN->SGN,13300,16372,QH283,PK-BBK,VN-A585,B739,A321,2.4
HAN->SGN,13311,16403,VN267,VN-A615,VN-A336,A321,A321,1.3833
HAN->SGN,13313,16396,VJ123,VN-A534,VN-A549,A21N,A21N,1.9333
HAN->SGN,13620,16780,VJ123,VN-A699,VN-A534,A320,A21N,0.9833
HAN->SGN,13621,16765,VN6025,VN-A363,VN-A359,A321,A321,1.7167
HAN->SGN,13626,16775,VN267,VN-A327,VN-A615,A321,A321,2.2167
HAN->SGN,13891,17139,VJ171,VN-A676,VN-A820,A320,A333,1.9167
HAN->SGN,13901,17148,VJ123,VN-A643,VN-A699,A321,A320,2.5167
HAN->SGN,14213,17562,VJ123,VN-A657,VN-A643,A321,A321,1.7833
HAN->SGN,14822,18361,VJ171,VN-A812,VN-A814,A333,A333,2.5333
HAN->SGN,15149,18780,9G895,VN-A286,VN-A281,A21N,A21N,1.6833
HAN->SGN,15151,18774,VJ123,VN-A550,VN-A632,A21N,A321,2.3667
HAN->SGN,15450,19197,VN7215,VN-A332,VN-A501,A321,A21N,1.3833
HAN->SGN,15455,19220,VN7211,VN-A325,VN-A503,A321,A21N,0.5667
HAN->SGN,15457,19212,VJ123,VN-A516,VN-A550,A21N,A21N,1.0167
HAN->SGN,15778,19646,QH283,VN-A596,PK-BBK,A20N,B739,1.2167
HAN->SGN,16104,20073,VN7251,VN-A610,VN-A331,A321,A321,2.8333
HAN->SGN,16107,20113,VN7217,VN-A874,VN-A325,B78X,A321,1.2167
HAN->SGN,16455,20579,VN7021,VN-A622,VN-A608,A21N,A321,1.4833
HAN->SGN,16459,20571,VJ123,VN-A538,VN-A539,A21N,A21N,2.5167
HAN->SGN,16734,20053,VU781,VN-A136,VN-A289,A320,A321,2.25
HAN->SGN,16747,20065,VN7011,VN-A613,VN-A625,A321,A21N,1.5
HAN->SGN,16781,21031,VN7215,VN-A336,VN-A334,A321,A321,2.4
HAN->SGN,16784,21018,VJ161,VN-A658,VN-A537,A320,A21N,3.2
HAN->SGN,16786,21014,9G885,VN-A280,VN-A279,A321,A321,3.8
HAN->SGN,16787,21027,VN267,VN-A896,VN-A878,A359,B78X,3.25
HAN->SGN,16791,21059,VJ123,VN-A693,VN-A538,A21N,A21N,2.0833
HAN->SGN,17055,20526,VU781,VN-A289,VN-A136,A321,A320,0.7
HAN->SGN,17109,21507,VJ171,VN-A812,VN-A820,A333,A333,2.1833
HAN->SGN,17118,21541,9G885,VN-A279,VN-A280,A321,A321,1.0167
HAN->SGN,17126,21543,VN267,VN-A395,VN-A896,A321,A359,1.3667
HAN->SGN,17128,21533,VJ161,VN-A687,VN-A658,A321,A320,1.9167
HAN->SGN,17132,21549,VJ123,VN-A523,VN-A693,A21N,A21N,1.4667
HAN->SGN,17408,20978,VU781,VN-A136,VN-A289,A320,A321,2.1167
HAN->SGN,17410,20988,9G8895,VN-A279,VN-A282,A321,A21N,1.3833
HAN->SGN,17457,22032,VJ123,VN-A516,VN-A523,A21N,A21N,1.6833
HAN->SGN,17458,22025,VN267,VN-A335,VN-A395,A321,A321,2.2167
HAN->SGN,17462,22004,VN7211,VN-A327,VN-A393,A321,A321,3.6167
HAN->SGN,17466,22046,VN7217,VN-A515,VN-A501,A20N,A21N,2.0833
HAN->SGN,17735,21472,VU781,VN-A289,VN-A136,A321,A320,0.6667
HAN->SGN,17753,21477,9G8895,VN-A282,VN-A279,A21N,A321,1.9833
HAN->SGN,17789,22551,VN7217,VN-A358,VN-A515,A321,A20N,1.0667
HAN->SGN,17796,22499,9G885,VN-A279,VN-A280,A321,A321,3.6333
HAN->SGN,17807,22534,VN267,VN-A332,VN-A335,A321,A321,2.75
HAN->SGN,17811,22543,VN221,VN-A866,VN-A896,B789,A359,2.6167
HAN->SGN,18085,21966,VN7011,VN-A866,VN-A869,B789,B789,1.35
HAN->SGN,18130,23082,VN221,VN-A865,VN-A866,B789,B789,0.6167
HAN->SGN,18131,23075,VN267,VN-A873,VN-A332,B78X,A321,0.9333
HAN->SGN,18135,23070,9G895,VN-A279,VN-A286,A321,A21N,1.4667
HAN->SGN,18139,23062,9G885,VN-A286,VN-A279,A21N,A321,2.25
HAN->SGN,18144,23025,VJ123,VN-A523,VN-A542,A21N,A321,4.1333
HAN->SGN,18149,22997,VJ161,VN-A698,VN-A575,A321,A21N,5.6333
HAN->SGN,18436,22484,VJ161,VN-A575,VN-A634,A21N,A321,1.2667
HAN->SGN,18437,22460,VJ159,VN-A629,VN-A673,A321,A321,2.4167
HAN->SGN,18456,22510,VN7215,VN-A877,VN-A392,B78X,A321,1.7
HAN->SGN,18477,23588,VJ123,VN-A667,VN-A523,A321,A21N,1.2333
HAN->SGN,18480,23524,VN7251,VN-A619,VN-A866,A21N,B789,3.95
HAN->SGN,18482,23589,VN7217,VN-A332,VN-A608,A321,A321,1.5167
HAN->SGN,18483,23574,9G885,VN-A284,VN-A286,A21N,A21N,2.2167
HAN->SGN,18487,23548,VN267,VN-A896,VN-A873,A359,B78X,3.65
HAN->SGN,18492,23579,VN7211,VN-A396,VN-A601,A321,A321,2.7
HAN->SGN,18496,23558,VN221,VN-A872,VN-A865,B78X,B789,3.9167
HAN->SGN,18801,23027,VJ1125,VN-A641,VN-A697,A321,A21N,1.2
HAN->SGN,18828,24081,VJ123,VN-A651,VN-A667,A321,A321,2.7
HAN->SGN,18834,24089,VN7251,VN-A622,VN-A619,A21N,A21N,2.8167
HAN->SGN,18835,24071,QH283,VN-A596,PK-BBK,A20N,B739,3.7
HAN->SGN,18837,24097,9G885,VN-A286,VN-A284,A21N,A21N,2.7333
HAN->SGN,18840,24109,VN267,VN-A323,VN-A896,A321,A359,2.4333
HAN->SGN,19144,23514,VN7035,VN-A515,VN-A621,A20N,A21N,2.4833
HAN->SGN,19155,23516,VJ1125,VN-A685,VN-A641,A321,A321,2.9833
HAN->SGN,19423,24049,VJ1125,VN-A657,VN-A685,A321,A321,1.1
HAN->SGN,19433,24016,VN7011,VN-A358,VN-A866,A321,B789,3.75
HAN->SGN,19746,25425,QH273,PK-BBK,VN-A227,B739,A321,2.55
HAN->SGN,20011,24981,VU781,VN-A136,VN-A289,A320,A321,2.3833
HAN->SGN,20052,25900,VJ123,VN-A526,VN-A575,A21N,A21N,2.0
HAN->SGN,20053,25892,VN267,VN-A505,VN-A869,A21N,B789,2.4333
HAN->SGN,20317,25395,VU781,VN-A289,VN-A136,A321,A320,0.6833
HAN->SGN,20359,26394,VN7215,VN-A323,VN-A331,A321,A321,1.4833
HAN->SGN,20647,25836,VU781,VN-A136,VN-A289,A320,A321,2.35
HAN->SGN,20687,26896,VN7215,VN-A325,VN-A323,A321,A321,2.0167
HAN->SGN,20692,26912,9G895,VN-A286,VN-A279,A21N,A321,1.6333
HAN->SGN,20695,26919,VN267,VN-A332,VN-A615,A321,A321,1.8167
HAN->SGN,20698,26923,VJ161,VN-A544,VN-A646,A321,A21N,1.95
HAN->SGN,20699,26911,VN7211,VN-A339,VN-A325,A321,A321,2.5833
HAN->SGN,20701,26920,9G885,VN-A279,VN-A284,A321,A21N,2.35
HAN->SGN,21022,27435,VJ161,VN-A634,VN-A544,A321,A321,0.8667
HAN->SGN,21028,27411,VN7251,VN-A608,VN-A335,A321,A321,2.2333
HAN->SGN,21033,27413,VN7215,VN-A614,VN-A325,A321,A321,2.4667
HAN->SGN,21036,27431,VN267,VN-A615,VN-A332,A321,A321,2.15
HAN->SGN,21038,27391,VJ123,VN-A539,VN-A697,A21N,A21N,3.9833
HAN->SGN,21042,27438,VN7211,VN-A325,VN-A339,A321,A321,2.15
HAN->SGN,21369,27940,VN7251,VN-A335,VN-A608,A321,A321,2.1
HAN->SGN,21371,27938,9G895,VN-A279,VN-A286,A321,A21N,2.25
HAN->SGN,21372,27961,VJ123,VN-A639,VN-A539,A321,A21N,1.3833
HAN->SGN,21375,27948,VN7215,VN-A327,VN-A614,A321,A321,2.0833
HAN->SGN,21381,27931,VJ161,VN-A549,VN-A634,A21N,A321,3.4333
HAN->SGN,21383,27963,VN267,VN-A336,VN-A615,A321,A321,2.2
HAN->SGN,21384,27966,VN7211,VN-A396,VN-A325,A321,A321,2.1667
HAN->SGN,21385,27957,9G885,VN-A286,VN-A280,A21N,A321,2.5667
HAN->SGN,21706,28493,VN267,VN-A392,VN-A336,A321,A321,1.1
HAN->SGN,21707,28466,VJ123,VN-A607,VN-A639,A21N,A321,2.3167
HAN->SGN,21708,28496,9G885,VN-A279,VN-A286,A321,A21N,1.0833
HAN->SGN,21716,28490,VJ161,VN-A629,VN-A549,A321,A21N,2.2333
HAN->SGN,21717,28495,VN7211,VN-A327,VN-A396,A321,A321,2.0833
HAN->SGN,21718,28479,9G893,VN-A281,VN-A284,A21N,A21N,2.8
HAN->SGN,21990,27871,VU781,VN-A136,VN-A289,A320,A321,0.1667
HAN->SGN,22051,29001,VN267,VN-A615,VN-A392,A321,A321,2.15
HAN->SGN,22053,28978,VN7215,VN-A608,VN-A336,A321,A321,3.25
HAN->SGN,22054,28998,9G897,VN-A906,VN-A286,A21N,A21N,2.45
HAN->SGN,22059,29003,VJ123,VN-A674,VN-A607,A21N,A21N,2.8167
HAN->SGN,22062,29018,VJ161,VN-A673,VN-A629,A321,A321,2.35
HAN->SGN,22063,29005,9G885,VN-A280,VN-A279,A321,A321,2.9667
HAN->SGN,22065,29023,VN7211,VN-A604,VN-A327,A321,A321,2.3333
HAN->SGN,22342,28401,VN7027,VN-A512,VN-A399,A21N,A321,1.6333
HAN->SGN,22352,28419,9G8895,VN-A285,VN-A282,A21N,A21N,1.4
HAN->SGN,22363,28434,VJ1125,VN-A532,VN-A552,A321,A21N,1.4167
HAN->SGN,22365,28461,9G895,VN-A282,VN-A279,A21N,A321,0.3667
HAN->SGN,22386,29503,VJ171,VN-A820,VN-A816,A333,A333,1.9
HAN->SGN,22394,29512,VN7251,VN-A353,VN-A515,A321,A20N,2.0
HAN->SGN,22408,29514,VN267,VN-A329,VN-A615,A321,A321,3.0667
HAN->SGN,22410,29531,VN7217,VN-A515,VN-A339,A20N,A321,2.5333
HAN->SGN,22411,29534,9G885,VN-A279,VN-A280,A321,A321,2.4667
HAN->SGN,22697,28958,VN7011,VN-A866,VN-A865,B789,B789,1.2
HAN->SGN,22699,28948,9G8895,VN-A282,VN-A285,A21N,A21N,2.0667
HAN->SGN,22729,29979,9G899,VN-A286,VN-A906,A21N,A21N,2.5667
HAN->SGN,22747,30025,VJ123,VN-A524,VN-A653,A21N,A21N,2.05
HAN->SGN,23014,30383,QH273,VN-A227,VN-A596,A321,A20N,2.2667
HAN->SGN,23034,29476,9G8895,VN-A909,VN-A282,A20N,A21N,1.0667
HAN->SGN,23082,30491,9G895,VN-A281,VN-A285,A21N,A21N,1.85
HAN->SGN,23084,30494,VJ123,VN-A536,VN-A524,A21N,A21N,1.8333
HAN->SGN,23403,30906,VJ159,VN-A639,VN-A641,A321,A321,2.1833
HAN->SGN,23415,30941,9G895,VN-A284,VN-A281,A21N,A21N,1.9
HAN->SGN,23416,30946,VJ123,VN-A645,VN-A536,A321,A21N,1.7167
HAN->SGN,23420,30911,VJ161,VN-A656,VN-A535,A320,A321,3.6167
HAN->SGN,23677,30417,9G8803,VN-A280,VN-A279,A321,A321,1.4667
HAN->SGN,23703,30435,VN7011,VN-A339,VN-A501,A321,A21N,1.8333
HAN->SGN,23738,31354,VN7215,VN-A339,VN-A619,A321,A21N,1.8
HAN->SGN,24013,30876,VU781,VN-A136,VN-A289,A320,A321,2.5667
HAN->SGN,24050,31748,VN7215,VN-A601,VN-A339,A321,A321,1.4333
HAN->SGN,24060,31760,VJ161,VN-A648,VN-A546,A321,A21N,1.7
HAN->SGN,24331,31316,VU781,VN-A289,VN-A136,A321,A320,1.8
HAN->SGN,24369,32134,QH283,ER-00005,JU-1410,A320,A320,2.8
HAN->SGN,24370,32155,9G895,VN-A286,VN-A284,A21N,A21N,1.5
HAN->SGN,24372,32149,VJ123,VN-A653,VN-A550,A21N,A21N,2.3333
HAN->SGN,24653,31725,VU781,VN-A136,VN-A289,A320,A321,1.4333
HAN->SGN,24678,32547,9G895,VN-A280,VN-A286,A321,A21N,0.75
HAN->SGN,24679,32535,VJ171,VN-A817,VN-A544,A333,A321,1.5167
HAN->SGN,24683,32545,QH283,JU-1410,ER-00005,A320,A320,1.15
HAN->SGN,24693,32554,VJ123,VN-A636,VN-A653,A321,A21N,1.6333
HAN->SGN,25000,32918,QH283,ER-00005,JU-1410,A320,A320,1.4833
HAN->SGN,25011,32930,VJ123,VN-A657,VN-A636,A321,A321,1.2667
HAN->SGN,25012,32914,9G895,VN-A909,VN-A280,A20N,A321,2.7667
HAN->SGN,25316,33213,QH283,JU-1410,ER-00005,A320,A320,1.85
HAN->SGN,25318,33215,VJ171,VN-A532,VN-A817,A321,A333,2.0
HAN->SGN,25330,33231,VJ123,VN-A683,VN-A657,A321,A321,2.35
HAN->SGN,25648,33603,QH283,ER-00005,JU-1410,A320,A320,2.6667
HAN->SGN,25649,33619,VJ123,VN-A578,VN-A683,A21N,A321,1.2333
HAN->SGN,25650,33622,VN267,VN-A505,VN-A335,A21N,A321,1.3833
HAN->SGN,25651,33617,9G895,VN-A284,VN-A909,A21N,A20N,1.65
HAN->SGN,25958,33984,VN6025,VN-A359,VN-A363,A321,A321,2.0667
HAN->SGN,25962,33990,VJ123,VN-A672,VN-A578,A320,A21N,2.3
HAN->SGN,26285,34378,VJ123,VN-A524,VN-A672,A21N,A320,1.8667
HAN->SGN,26584,34747,9G895,VN-A908,VN-A284,A20N,A21N,0.8
HAN->SGN,26588,34741,VN6025,VN-A363,VN-A354,A321,A321,1.6333
HAN->SGN,26591,34731,QH283,ER-00005,JU-1410,A320,A320,2.9333
HAN->SGN,26883,35101,VJ171,VN-A534,VN-A578,A21N,A21N,1.8167
HAN->SGN,26895,35104,9G895,VN-A909,VN-A908,A20N,A20N,2.6167
HAN->SGN,27192,35476,VJ171,VN-A810,VN-A534,A333,A21N,1.6
HAN->SGN,27200,35489,9G895,VN-A286,VN-A909,A21N,A20N,1.2333
HAN->SGN,27202,35473,QH283,ER-00005,JU-1410,A320,A320,4.4167
HAN->SGN,27204,35486,VJ123,VN-A683,VN-A548,A321,A21N,2.1
HAN->SGN,27506,35834,VJ171,VN-A632,VN-A810,A321,A333,1.8
HAN->SGN,27509,35848,QH283,JU-1410,ER-00005,A320,A320,1.05
HAN->SGN,27828,36219,9G895,VN-A285,VN-A286,A21N,A21N,1.2333
HAN->SGN,27831,36218,9G877,VN-A286,VN-A906,A21N,A21N,1.5667
HAN->SGN,28108,36205,VJ171,VN-A532,VN-A632,A321,A321,1.0333
HAN->SGN,28115,36545,VJ171,VN-A536,VN-A532,A21N,A321,2.4667
HAN->SGN,28120,36556,9G895,VN-A281,VN-A285,A21N,A21N,1.8
HAN->SGN,28122,36547,QH283,ER-00005,JU-1410,A320,A320,2.8667
HAN->DAD,3614,1422,VJ523,VN-A649,VN-A676,A321,A320,1.1
HAN->DAD,4561,1841,VJ523,VN-A643,VN-A671,A321,A320,1.1333
HAN->DAD,5505,2277,VJ523,VN-A671,VN-A532,A320,A321,1.15
HAN->DAD,6136,2562,VJ523,VN-A544,VN-A677,A321,A321,1.0833
HAN->DAD,6441,2719,VJ523,VN-A677,VN-A643,A321,A321,1.0333
HAN->DAD,6723,2852,VJ523,VN-A643,VN-A661,A321,A321,1.0833
HAN->DAD,7938,3381,VJ523,VN-A643,VN-A580,A321,A21N,1.1
HAN->DAD,10756,4733,VJ507,,VN-A643,,A321,1.1667
HAN->DAD,11457,4970,VJ523,VN-A655,VN-A689,A320,A320,1.05
HAN->DAD,13277,5766,VJ523,VN-A535,VN-A668,A321,A320,1.0833
HAN->DAD,15109,6570,VJ523,VN-A670,VN-A663,A321,A320,1.0667
HAN->DAD,16434,7112,VJ523,VN-A644,VN-A536,A321,A21N,1.0667
HAN->DAD,16545,7345,VJ515,,8Q-TMQ,,DHC6,1.1
HAN->DAD,16759,7246,VJ523,VN-A536,VN-A650,A21N,A320,1.05
HAN->DAD,17086,7393,VJ523,VN-A650,VN-A671,A320,A320,1.05
HAN->DAD,17764,7672,VJ523,VN-A669,VN-A671,A320,A320,1.0833
HAN->DAD,18444,7971,VJ523,VN-A650,VN-A662,A320,A320,1.0333
HAN->DAD,18462,8105,VJ521,VN-A543,VN-A641,A21N,A321,1.5
HAN->DAD,18779,8081,VU639,VN-A129,9H-MLW,A321,A320,0.05
HAN->DAD,18794,8105,VJ521,VN-A643,VN-A641,A321,A321,0.05
HAN->DAD,20005,8707,VN7159,VN-A323,VN-A512,A321,A21N,1.0167
HAN->DAD,20344,8841,VJ523,,VN-A699,,A320,1.1
HAN->DAD,21014,9141,VJ523,VN-A632,VN-A675,A321,A320,1.1333
HAN->DAD,21357,9296,VJ523,VN-A675,VN-A649,A320,A321,1.0833
HAN->DAD,21646,9458,VJ523,VN-A649,VN-A663,A321,A320,1.1
HAN->DAD,23046,10072,VJ523,VN-A522,VN-A668,A321,A320,1.05
HAN->DAD,23718,10393,VJ523,VN-A658,VN-A532,A320,A321,1.0667
HAN->DAD,25633,11235,VJ523,VN-A661,VN-A689,A321,A320,1.05
