feature,Departure_Delay,Departure_Delay_Reg_Target,Arrival_Delay,Accumulated_Delay,Turnaround_Buffer,Turnaround_Buffer_Model,Tail_Stagnation_Duration,Tail_Stagnation_Duration_Model,Turnaround_Deficit_Min,Turnaround_Slack_Min,Standard_Turnaround,Tail_Sequence_Day,Prev_Departure_Delay_Tail_1,Prev_Departure_Delay_Tail_2,Prev_Turnaround_Buffer_Tail_1,Prev_Turnaround_Buffer_Tail_2,Rolling_Departure_Delay_Tail_3,Rolling_Turnaround_Buffer_Tail_3,Prev_Departure_Delay_Airport_1,Rolling_Departure_Delay_Airport_3,Airport_Load_Factor,Number_of_Flights_in_Last_Hour,Flight_Density_Disruption,Previous_Station_Disruption,Destination_Congestion_Risk,Taxi_Out_Congestion,A_CDM_TOBT_Deficit,Ground_Handling_Pressure,Terminal,Is_First_Flight,Is_Fixed_Flight,Has_Matched_Arrival,Is_Imputed_Link,Is_Diverted_Prev,Is_Airport_Congested,Is_Parallel_Usage,Is_Wide_Body,Peak_Hour_Indicator,Is_Special_Days,Is_Long_Ground_Turnaround,Exclude_From_Propagation_Training
Departure_Delay,1.0,0.9993628833289956,0.06515022470524835,0.07173051743779658,-0.09217970974283798,-0.10409615265345486,0.12972362182851377,0.12612643387464145,-0.10083040135986043,0.12969024649622626,0.2866555923739238,0.2200526569626787,0.3248858812559595,0.24792133172530975,-0.037067709696539365,0.010554364447210378,0.34023188484336886,0.009858513695478525,0.02040958721027084,0.06867870180617548,0.3623132140830002,0.44268936755324617,-0.00500054631445752,-0.008928702808687957,0.06027069491283146,0.27628028486438927,0.23604440532737875,0.31953461136742706,0.0046111786137246055,-0.2010102081486114,-0.07183447939664177,0.009091722599302007,-0.017392501417130325,-0.002392605527158782,0.30591791929296397,0.12777509365277798,0.07793880160231205,0.02634780362227336,0.025162524250685294,0.03398597096922045,-0.009091722599302007
Departure_Delay_Reg_Target,0.9993628833289956,1.0,0.06622842534704,0.07035945302989097,-0.08967179820506581,-0.10148040145751287,0.1290576784151544,0.1253233138311771,-0.09844503572685336,0.12902483916642013,0.2929294216072338,0.22004515770103136,0.32308099524433204,0.24628669297274186,-0.037083991077382486,0.010866031559131411,0.3383273769793965,0.009929873165146395,0.021376360869745224,0.07475304543029873,0.36441724181656276,0.44733501796934205,-0.005030520919370394,-0.008720009890335344,0.05986758410112278,0.27987400665824724,0.23611403637829403,0.318993345517925,0.007007601587450867,-0.2009283403726436,-0.07333967713555027,0.009644852133151843,-0.017769262801343933,-0.002008909597377821,0.3075508625925996,0.1272772052525765,0.07786773073580454,0.026498084546012275,0.02535468323558486,0.03437800903798282,-0.009644852133151843
Arrival_Delay,0.06515022470524835,0.06622842534704,1.0,0.10606776372530197,-0.08744298579065339,-0.09137048763513834,-0.02666079429095977,-0.027088509366178987,0.08998235802822215,-0.02667147720552438,-0.10895485218139407,0.07782832476733781,0.14988486670401194,0.07070158773856838,-0.06052191887741577,-0.02177098470776871,0.10893238113646982,-0.00951300213896187,-0.021325469496458527,-0.024420999687254166,-0.022526289957731017,-0.05177928129719631,-0.0012901049535397188,-0.004261947869530817,0.043982937888925405,-0.047870148909472075,0.0773576489200001,0.04704048398443249,-0.04312126026414891,-0.05084163844104548,-0.05067862701344259,-0.006571646382319554,0.0016632498122808902,-0.001362530076008236,-0.019615278323728842,0.01408116165178513,-0.03956326901914604,-0.008610582562629867,0.00021508196143846885,-0.0025415014160566243,0.006571646382319554
Accumulated_Delay,0.07173051743779658,0.07035945302989097,0.10606776372530197,1.0,-0.12276865053243144,-0.12180291532921361,-0.06472007117794269,-0.057906048235416174,0.06262200420293491,-0.06472367334839467,-0.09272195976531805,0.3580392602714105,-0.07686959972070116,-0.020757403693004713,-0.14618653051820404,-0.07931937880430805,-0.020291053184272,-0.05591993885840771,-0.03639308278526062,-0.05282621874105522,0.0339870283098368,0.0075300740705165434,-0.0027737522611923095,-0.0028520296320357985,0.06113721089530382,-0.014300247733054003,0.07517363601610613,0.12705605367053577,-0.06185596943051746,-0.2712170039414538,-0.09529679489676376,-0.01171259831918918,0.009105481928168586,-0.0058058787400069225,0.026293082468674952,0.03148114352048753,-0.11985601016189723,0.018936707878906743,0.006449354615430827,-0.03625975749776844,0.01171259831918918
Turnaround_Buffer,-0.09217970974283798,-0.08967179820506581,-0.08744298579065339,-0.12276865053243144,1.0,0.999999998858653,0.8654750579850412,0.8582814201966721,-0.7118653056446549,0.8654719056730102,0.167899272922945,-0.3365642252240699,0.039699350784396625,0.04656682303687265,0.1251804223542829,0.062444816193621466,0.03507935136982277,0.07905788160176253,0.11289246229563894,0.14712343648280177,-0.1978955448648112,-0.14965791324217784,0.0014103011288009637,-0.0015836190157092324,-0.09099199279677671,-0.006339084809272242,-0.8447875081910505,-0.16934531246332024,0.013919087146058284,0.3334640052337555,0.09297334415509208,0.02094946523336675,-0.014913053872996677,0.014143289868636551,-0.17347497087780397,-0.12043634287387742,0.11658764823245761,0.03280032200279601,-0.014617544794068895,0.22021904219259872,-0.02094946523336675
Turnaround_Buffer_Model,-0.10409615265345486,-0.10148040145751287,-0.09137048763513834,-0.12180291532921361,0.999999998858653,1.0,0.8585797655761925,0.8586137992240486,-0.7246229958027983,0.8585797601504443,0.17460790803474985,-0.33245489984732296,0.04506591768195672,0.050526336175478775,0.12924270017017617,0.06716618818749535,0.04089528254248267,0.09047566239766941,0.11769725561425108,0.14989465736937063,-0.2002622051797791,-0.1507454538807946,0.0031475257857919185,-0.0014494069310563927,-0.09038909234778798,-0.007403643733130241,-0.8632575995308623,-0.15359791407721757,0.011804689504226232,0.32904929335968625,0.08416385428356667,0.02020213189190615,-0.013323120493529923,0.015011019388301782,-0.17537165264931517,-0.12397978683141643,0.11827302677460064,0.03574531061290322,-0.011997590920383413,,-0.02020213189190615
Tail_Stagnation_Duration,0.12972362182851377,0.1290576784151544,-0.02666079429095977,-0.06472007117794269,0.8654750579850412,0.8585797655761925,1.0,0.9999636228554064,-0.8295049314990169,0.9999962724309045,0.0170476767433581,-0.25852577277863303,0.11554873035011161,0.09247203216767656,0.08425387960494878,0.047596799564092934,0.1097833514435934,0.0831276636114506,0.09600053876466508,0.1032894273629648,-0.18041293794400579,-0.15870115660317557,-0.0012557700193830785,-0.004566028075075206,-0.05807800060670812,-0.008923490027839574,-0.8017020829790346,-0.09169724807703446,-0.03638633534113095,0.27341837920838413,0.06852662203812136,0.012523885084356586,-0.008351338914377338,0.012724621257811874,-0.14861898999034023,-0.08065910060912894,-0.0032079968838301495,0.04516366883206482,-0.009549148024230658,0.23255791274628942,-0.012523885084356586
Tail_Stagnation_Duration_Model,0.12612643387464145,0.1253233138311771,-0.027088509366178987,-0.057906048235416174,0.8582814201966721,0.8586137992240486,0.9999636228554064,1.0,-0.8301665777916225,0.9999636155443574,0.02210458651784862,-0.2373341873761739,0.12421221946752582,0.09820156668201759,0.08755989316888535,0.05225568978427065,0.11889185284029692,0.09559126851755778,0.09646773968509523,0.09917527771440965,-0.17356072330559327,-0.15187555742783096,-0.000713577815299982,-0.004395586564288275,-0.05351378830615333,-0.007298660055843957,-0.7980480983555904,-0.06211401202699245,-0.04182145178060215,0.25133505054955574,0.053329868919940945,0.010619422059241174,-0.0053172260265412835,0.01369580681585967,-0.14304029549590863,-0.0790048872701549,-0.009018085286949076,0.04872195489655618,-0.004378115131322192,,-0.010619422059241174
Turnaround_Deficit_Min,-0.10083040135986043,-0.09844503572685336,0.08998235802822215,0.06262200420293491,-0.7118653056446549,-0.7246229958027983,-0.8295049314990169,-0.8301665777916225,1.0,-0.8295018394620696,0.06453611956286254,0.2611580612031082,-0.06888009567961126,-0.07177857448850627,-0.08825602576094775,-0.04408392184270895,-0.07676142991350486,-0.062432211091977406,-0.07191164612450042,-0.06460363059953637,0.15595906549233968,0.15155915085287425,0.004582366348817657,0.00422947200517171,0.08037128807801786,0.021135187905174838,0.8060134458806553,0.1320696761849048,0.012617775836303705,-0.2666969019845831,-0.09029270719014756,-0.014296114625315345,-0.026173306535716815,-0.004161806453127729,0.11736275936723341,0.05070835744604629,0.036718107798673585,-0.02280439648756109,0.001384907301805591,-0.11057846910814122,0.014296114625315345
Turnaround_Slack_Min,0.12969024649622626,0.12902483916642013,-0.02667147720552438,-0.06472367334839467,0.8654719056730102,0.8585797601504443,0.9999962724309045,0.9999636155443574,-0.8295018394620696,1.0,0.0170821911156902,-0.2585324648652805,0.1155376245820249,0.09246695004182726,0.08423412404526416,0.047584954866007986,0.1097611963664081,0.08306046501057643,0.09600089248544272,0.1032892047325194,-0.18042527839592226,-0.15871297044646887,-0.0012557653384135633,-0.004566011054890065,-0.058088446835900004,-0.00892508557988392,-0.8016990945791262,-0.09174407014406873,-0.03637022195157786,0.27342914240477667,0.06854062298937794,0.012523430153061156,-0.00835099356170313,0.012724573825906924,-0.1486289464636395,-0.08065956522019854,-0.003181140220455555,0.04515254979625414,-0.009563747459584642,0.23310550319734416,-0.012523430153061156
Standard_Turnaround,0.2866555923739238,0.2929294216072338,-0.10895485218139407,-0.09272195976531805,0.167899272922945,0.17460790803474985,0.0170476767433581,0.02210458651784862,0.06453611956286254,0.0170821911156902,1.0,-0.020239271389025797,0.15063094886533163,0.1286463091957922,0.09479380740669888,0.09550612812509449,0.15740633912024174,0.0528338001008825,0.08463377812286543,0.17243986928771746,0.20890039216620468,0.360227887797622,0.004479225528217685,-0.005161668106392676,0.012327339892526053,0.23553555054822628,0.14032672795856863,0.21850433013605908,0.14373084856891152,-0.00480788166092404,-0.00541059575184761,0.025751956761937828,-0.034125129393744257,-0.003828645835921132,0.16048514959582294,-0.020141456477429976,0.551888192879757,0.028813119073044055,0.00936321230083028,-0.018415993343799234,-0.025751956761937828
Tail_Sequence_Day,0.2200526569626787,0.22004515770103136,0.07782832476733781,0.3580392602714105,-0.3365642252240699,-0.33245489984732296,-0.25852577277863303,-0.2373341873761739,0.2611580612031082,-0.2585324648652805,-0.020239271389025797,1.0,0.0305344283196479,-0.014077845124646706,-0.12116304954321397,0.013431887529493933,0.019046562004094637,0.05596731312066376,-0.0940139960331805,-0.1106709310483713,0.23870895773372333,0.21763392625491002,-0.007582987956127462,0.003075235615292497,0.19905717279586982,0.07905096133717221,0.2821596029681903,0.42792862762698275,-0.09378120217755252,-0.9146821639341292,-0.31209948903733803,-0.06846996104928942,0.05028882189027072,-0.000958422907428191,0.19782197303848215,0.11272497589809025,-0.12582065245313098,0.05137781164460774,0.015648946027059095,-0.12523274606516333,0.06846996104928942
Prev_Departure_Delay_Tail_1,0.3248858812559595,0.32308099524433204,0.14988486670401194,-0.07686959972070116,0.039699350784396625,0.04506591768195672,0.11554873035011161,0.12421221946752582,-0.06888009567961126,0.1155376245820249,0.15063094886533163,0.0305344283196479,1.0,0.33293310507713963,-0.10844097700149528,-0.03943437275545657,0.6792931845541286,-0.03356234647796615,0.00824206313055018,0.006797217636193128,0.08671695732817425,0.1182250634911188,-0.006262966859036757,-0.008101773678412244,0.04446762493523215,0.061820787506955285,0.004258627386495448,0.16609893115332694,-0.050197372013636034,0.032598691735241866,-0.05716833190264023,-0.009000295699692289,0.006212797463211858,-0.0011804726714298478,0.08553227456649092,0.03450461107260101,0.08430752628671095,-0.0027652164976306793,0.03482741322088161,-0.01694119435160424,0.009000295699692289
Prev_Departure_Delay_Tail_2,0.24792133172530975,0.24628669297274186,0.07070158773856838,-0.020757403693004713,0.04656682303687265,0.050526336175478775,0.09247203216767656,0.09820156668201759,-0.07177857448850627,0.09246695004182726,0.1286463091957922,-0.014077845124646706,0.33293310507713963,1.0,0.0453131251286746,-0.09899390766541677,0.7201852199078621,-0.009654672110415418,0.012826596904387972,0.007363207762755685,0.09136605511942368,0.1234373819993297,-0.00022933828760965988,-0.006875916691190143,0.017562696510513613,0.08988019314892849,-0.0031691164458118545,0.1518228268359045,-0.05265981501516721,-0.014288950830621547,-0.031197364977402463,-0.0076359521752184575,0.007933435924747306,0.006505839221034961,0.07695303091132025,0.016934899560084142,0.07981917920137488,0.01374738309731788,0.04181442043928675,-0.010881061645409088,0.0076359521752184575
Prev_Turnaround_Buffer_Tail_1,-0.037067709696539365,-0.037083991077382486,-0.06052191887741577,-0.14618653051820404,0.1251804223542829,0.12924270017017617,0.08425387960494878,0.08755989316888535,-0.08825602576094775,0.08423412404526416,0.09479380740669888,-0.12116304954321397,-0.10844097700149528,0.0453131251286746,1.0,0.12228768844544069,0.003988926665030925,0.5364865992289719,0.00031887537346065366,0.019651231453094126,-0.01318051273584085,-0.005921467974452204,0.01077542578692541,0.010768461676578502,-0.025355963699353935,0.007490361959102724,-0.0948582783305111,0.019599001214962587,-0.0505743991560562,-0.06549846372041664,0.031629526136848864,-0.0014483204889390094,-0.003605467006242698,0.006551147334128914,-0.025535560215659982,-0.024552727160168052,0.11491708021005484,-0.0064392960983391725,-0.0124675558765609,-0.004151103421824958,0.0014483204889390094
Prev_Turnaround_Buffer_Tail_2,0.010554364447210378,0.010866031559131411,-0.02177098470776871,-0.07931937880430805,0.062444816193621466,0.06716618818749535,0.047596799564092934,0.05225568978427065,-0.04408392184270895,0.047584954866007986,0.09550612812509449,0.013431887529493933,-0.03943437275545657,-0.09899390766541677,0.12228768844544069,1.0,-0.02538123839656384,0.5405757844016211,0.02610043880951029,0.031217321170099684,0.008829549726458583,0.013346668599262089,0.00036943171416566094,-0.0017803498206193473,0.011490830729900986,0.010737708360512313,-0.037762769256482906,0.048569076526026406,-0.05540704540980049,-0.0685908841874881,0.002144110142904709,-0.005003298680585775,0.00228503207157787,0.009901407616962558,0.008139651874567002,0.0027104383497060522,0.11180824330249409,-0.020766097165516327,-0.006994934503927649,-0.014367590100608646,0.005003298680585775
Rolling_Departure_Delay_Tail_3,0.34023188484336886,0.3383273769793965,0.10893238113646982,-0.020291053184272,0.03507935136982277,0.04089528254248267,0.1097833514435934,0.11889185284029692,-0.07676142991350486,0.1097611963664081,0.15740633912024174,0.019046562004094637,0.6792931845541286,0.7201852199078621,0.003988926665030925,-0.02538123839656384,1.0,0.014194040767879315,-0.006245583723401258,-0.013527330336061462,0.1233937641251914,0.14957607517730792,-0.00414613025844934,-0.00838231524887484,0.03937517631024506,0.09736618982832433,0.013517521592591168,0.20403061330082273,-0.08185912142147622,-0.03246150132287636,-0.054720667835444,-0.00879903711066536,0.011145668497204417,0.005503029343332795,0.10551858936180483,0.04991003684236396,0.08612975002946271,-0.002179591002625648,0.058090155478175406,-0.020493541381320996,0.00879903711066536
Rolling_Turnaround_Buffer_Tail_3,0.009858513695478525,0.009929873165146395,-0.00951300213896187,-0.05591993885840771,0.07905788160176253,0.09047566239766941,0.0831276636114506,0.09559126851755778,-0.062432211091977406,0.08306046501057643,0.0528338001008825,0.05596731312066376,-0.03356234647796615,-0.009654672110415418,0.5364865992289719,0.5405757844016211,0.014194040767879315,1.0,0.013249536117828588,0.021439229222786092,0.011883159124458835,0.015125366359245503,0.011285559573663614,0.008389303546276563,0.005119933805039968,0.02299938592952363,-0.0640292887631485,0.12366240920188391,-0.07516377314133861,-0.17776196305346628,-0.03247339274495949,-0.014697340960755898,0.011312561456210355,0.010632229593056021,-0.001797240469131072,-0.015471478080666408,0.058719953471719016,0.0059500914313111814,-0.02368855612425067,-0.037811766716741003,0.014697340960755898
Prev_Departure_Delay_Airport_1,0.02040958721027084,0.021376360869745224,-0.021325469496458527,-0.03639308278526062,0.11289246229563894,0.11769725561425108,0.09600053876466508,0.09646773968509523,-0.07191164612450042,0.09600089248544272,0.08463377812286543,-0.0940139960331805,0.00824206313055018,0.012826596904387972,0.00031887537346065366,0.02610043880951029,-0.006245583723401258,0.013249536117828588,1.0,0.7026441521305623,-0.17319706321940814,-0.07845606433766616,0.015154017311796709,-0.010967276033828924,-0.031425179965302266,-0.2194125896938368,-0.08642825068102078,-0.08397914384196759,-0.02150439086525361,0.10593452939764074,0.04968793656040203,0.007818619532392292,-0.004438351722820144,0.011322053765217133,-0.1407027269276639,-0.09439729297993406,0.04056979988259185,-0.055768324669737294,-0.021139705996227588,0.01314222284111344,-0.007818619532392292
Rolling_Departure_Delay_Airport_3,0.06867870180617548,0.07475304543029873,-0.024420999687254166,-0.05282621874105522,0.14712343648280177,0.14989465736937063,0.1032894273629648,0.09917527771440965,-0.06460363059953637,0.1032892047325194,0.17243986928771746,-0.1106709310483713,0.006797217636193128,0.007363207762755685,0.019651231453094126,0.031217321170099684,-0.013527330336061462,0.021439229222786092,0.7026441521305623,1.0,-0.1736230487754577,-0.020446786859689293,0.006094131362279755,-0.0018233387656354293,-0.06433301993470075,-0.24055751815366258,-0.06253973464886507,-0.051383421546012505,0.02073618820170327,0.1143120374550683,0.04233581656903942,0.011864849166802029,-0.015887233537491295,0.00794697143660689,-0.16674982397265556,-0.16117005806840112,0.048750117359058945,-0.057741129403694635,-0.04037544125862673,0.033097058572639365,-0.011864849166802029
Airport_Load_Factor,0.3623132140830002,0.36441724181656276,-0.022526289957731017,0.0339870283098368,-0.1978955448648112,-0.2002622051797791,-0.18041293794400579,-0.17356072330559327,0.15595906549233968,-0.18042527839592226,0.20890039216620468,0.23870895773372333,0.08671695732817425,0.09136605511942368,-0.01318051273584085,0.008829549726458583,0.1233937641251914,0.011883159124458835,-0.17319706321940814,-0.1736230487754577,1.0,0.8275786448390975,0.020364651889489573,-0.00647282770316326,0.049591242569603386,0.5628602398323367,0.2855539340432795,0.3723151871596569,0.20204951610512406,-0.2674093763861681,-0.07250726460202811,0.02062520842042721,-0.026214554730730637,-0.0005605225723676865,0.6906492872440829,0.5492476238246676,0.03699487805115309,0.07776811275989977,0.06897114544636437,-0.05478451891896409,-0.02062520842042721
Number_of_Flights_in_Last_Hour,0.44268936755324617,0.44733501796934205,-0.05177928129719631,0.0075300740705165434,-0.14965791324217784,-0.1507454538807946,-0.15870115660317557,-0.15187555742783096,0.15155915085287425,-0.15871297044646887,0.360227887797622,0.21763392625491002,0.1182250634911188,0.1234373819993297,-0.005921467974452204,0.013346668599262089,0.14957607517730792,0.015125366359245503,-0.07845606433766616,-0.020446786859689293,0.8275786448390975,1.0,0.018085979044127575,-0.00589813245860045,0.01798029127155722,0.6309764297985808,0.3145661493315273,0.4162088382320611,0.3177469123479252,-0.23782173425326902,-0.07057547575918617,0.03200092561871872,-0.037644195144405895,0.0026951972944937114,0.7560463047233122,0.2809814212906675,0.07492775245979119,0.07507972089439273,0.052769770275832524,-0.05080916811155399,-0.03200092561871872
Flight_Density_Disruption,-0.00500054631445752,-0.005030520919370394,-0.0012901049535397188,-0.0027737522611923095,0.0014103011288009637,0.0031475257857919185,-0.0012557700193830785,-0.000713577815299982,0.004582366348817657,-0.0012557653384135633,0.004479225528217685,-0.007582987956127462,-0.006262966859036757,-0.00022933828760965988,0.01077542578692541,0.00036943171416566094,-0.00414613025844934,0.011285559573663614,0.015154017311796709,0.006094131362279755,0.020364651889489573,0.018085979044127575,1.0,-0.0001805831807154948,-0.004463843615654224,0.017211759019355236,4.809915041600044e-05,0.004912862861669832,0.010519217702418072,0.0029892647420884056,0.006805340194091723,0.0017051382022640657,-0.002228359279024763,-0.00036761330876163885,0.006013594203928595,-0.008272753139502742,-0.0016261323107315759,-0.0033906082585304464,-0.007132287070270931,-0.002418579404501217,-0.0017051382022640657
Previous_Station_Disruption,-0.008928702808687957,-0.008720009890335344,-0.004261947869530817,-0.0028520296320357985,-0.0015836190157092324,-0.0014494069310563927,-0.004566028075075206,-0.004395586564288275,0.00422947200517171,-0.004566011054890065,-0.005161668106392676,0.003075235615292497,-0.008101773678412244,-0.006875916691190143,0.010768461676578502,-0.0017803498206193473,-0.00838231524887484,0.008389303546276563,-0.010967276033828924,-0.0018233387656354293,-0.00647282770316326,-0.00589813245860045,-0.0001805831807154948,1.0,-0.002315880246872517,0.0007651850223077358,0.0008810289877192511,-0.006379593649681859,-0.006182228934302021,-0.008909376376171837,-0.00019993985550936856,0.0008846402833116075,-0.001156091853023437,-0.0001907209287670694,-0.007048808345447348,-0.004291975085291845,-0.004005002948576045,-0.005936511708649198,-0.003700291534214933,-0.0012547796810655418,-0.0008846402833116075
Destination_Congestion_Risk,0.06027069491283146,0.05986758410112278,0.043982937888925405,0.06113721089530382,-0.09099199279677671,-0.09038909234778798,-0.05807800060670812,-0.05351378830615333,0.08037128807801786,-0.058088446835900004,0.012327339892526053,0.19905717279586982,0.04446762493523215,0.017562696510513613,-0.025355963699353935,0.011490830729900986,0.03937517631024506,0.005119933805039968,-0.031425179965302266,-0.06433301993470075,0.049591242569603386,0.01798029127155722,-0.004463843615654224,-0.002315880246872517,1.0,0.015366352249898428,0.07948869507403883,0.07933318376616219,-0.09781660271655557,-0.18427202168187076,-0.09141870847673116,-0.053814807183486045,0.04122397649575379,-0.004714439057255334,0.03564912413352179,0.04870306927417502,0.045789668652940325,0.024687097009523637,0.02270973184340281,-0.026378635322652555,0.053814807183486045
Taxi_Out_Congestion,0.27628028486438927,0.27987400665824724,-0.047870148909472075,-0.014300247733054003,-0.006339084809272242,-0.007403643733130241,-0.008923490027839574,-0.007298660055843957,0.021135187905174838,-0.00892508557988392,0.23553555054822628,0.07905096133717221,0.061820787506955285,0.08988019314892849,0.007490361959102724,0.010737708360512313,0.09736618982832433,0.02299938592952363,-0.2194125896938368,-0.24055751815366258,0.5628602398323367,0.6309764297985808,0.017211759019355236,0.0007651850223077358,0.015366352249898428,1.0,0.12459057820655624,0.22521279488857893,0.19663163931157884,-0.1080556598078909,-0.011560843483097768,0.03184543792229033,-0.03248860535543456,0.005060045022766322,0.45753450318704236,0.21452959198403526,0.015184137319904504,0.11053591085184514,0.022674033957135502,-0.00789727097166,-0.03184543792229033
A_CDM_TOBT_Deficit,0.23604440532737875,0.23611403637829403,0.0773576489200001,0.07517363601610613,-0.8447875081910505,-0.8632575995308623,-0.8017020829790346,-0.7980480983555904,0.8060134458806553,-0.8016990945791262,0.14032672795856863,0.2821596029681903,0.004258627386495448,-0.0031691164458118545,-0.0948582783305111,-0.037762769256482906,0.013517521592591168,-0.0640292887631485,-0.08642825068102078,-0.06253973464886507,0.2855539340432795,0.3145661493315273,4.809915041600044e-05,0.0008810289877192511,0.07948869507403883,0.12459057820655624,1.0,0.2080826950992304,0.04360245221612428,-0.28933089372276194,-0.0864301204825845,-0.0029781353664423025,-0.047619476700220556,-0.00928997281586407,0.24147443062976465,0.10397542936770972,0.05428433986882861,-0.020917838930826393,0.009487507137195325,-0.13179426653395285,0.0029781353664423025
Ground_Handling_Pressure,0.31953461136742706,0.318993345517925,0.04704048398443249,0.12705605367053577,-0.16934531246332024,-0.15359791407721757,-0.09169724807703446,-0.06211401202699245,0.1320696761849048,-0.09174407014406873,0.21850433013605908,0.42792862762698275,0.16609893115332694,0.1518228268359045,0.019599001214962587,0.048569076526026406,0.20403061330082273,0.12366240920188391,-0.08397914384196759,-0.051383421546012505,0.3723151871596569,0.4162088382320611,0.004912862861669832,-0.006379593649681859,0.07933318376616219,0.22521279488857893,0.2080826950992304,1.0,0.04016599464514917,-0.46696786187142536,-0.21114381438452587,-0.01825097414009057,0.016914641584257196,0.006858447624458671,0.30175062007911535,0.12384347472973217,-0.004773709217683559,0.021210067215092124,0.03258251726202282,-0.13749598193654775,0.01825097414009057
Terminal,0.0046111786137246055,0.007007601587450867,-0.04312126026414891,-0.06185596943051746,0.013919087146058284,0.011804689504226232,-0.03638633534113095,-0.04182145178060215,0.012617775836303705,-0.03637022195157786,0.14373084856891152,-0.09378120217755252,-0.050197372013636034,-0.05265981501516721,-0.0505743991560562,-0.05540704540980049,-0.08185912142147622,-0.07516377314133861,-0.02150439086525361,0.02073618820170327,0.20204951610512406,0.3177469123479252,0.010519217702418072,-0.006182228934302021,-0.09781660271655557,0.19663163931157884,0.04360245221612428,0.04016599464514917,1.0,0.11008134175889077,0.11500032253232245,0.04741575299298567,-0.04933614586804524,0.0023515622161271554,0.17094901416947572,-0.008642274994840682,0.0738547523279247,-0.046393289337148876,0.0034482423188559918,0.01739742019731335,-0.04741575299298567
Is_First_Flight,-0.2010102081486114,-0.2009283403726436,-0.05084163844104548,-0.2712170039414538,0.3334640052337555,0.32904929335968625,0.27341837920838413,0.25133505054955574,-0.2666969019845831,0.27342914240477667,-0.00480788166092404,-0.9146821639341292,0.032598691735241866,-0.014288950830621547,-0.06549846372041664,-0.0685908841874881,-0.03246150132287636,-0.17776196305346628,0.10593452939764074,0.1143120374550683,-0.2674093763861681,-0.23782173425326902,0.0029892647420884056,-0.008909376376171837,-0.18427202168187076,-0.1080556598078909,-0.28933089372276194,-0.46696786187142536,0.11008134175889077,1.0,0.2988002409170905,0.05330910345866693,-0.038554093166637896,-0.00041038731756961114,-0.20678285782249164,-0.12178895648049799,0.11594270911991619,-0.04266626756498454,-0.010391699760405106,0.13515033463961185,-0.05330910345866693
Is_Fixed_Flight,-0.07183447939664177,-0.07333967713555027,-0.05067862701344259,-0.09529679489676376,0.09297334415509208,0.08416385428356667,0.06852662203812136,0.053329868919940945,-0.09029270719014756,0.06854062298937794,-0.00541059575184761,-0.31209948903733803,-0.05716833190264023,-0.031197364977402463,0.031629526136848864,0.002144110142904709,-0.054720667835444,-0.03247339274495949,0.04968793656040203,0.04233581656903942,-0.07250726460202811,-0.07057547575918617,0.006805340194091723,-0.00019993985550936856,-0.09141870847673116,-0.011560843483097768,-0.0864301204825845,-0.21114381438452587,0.11500032253232245,0.2988002409170905,1.0,0.03369590922898639,-0.040659077286607066,-0.008280864529293868,-0.06902055681919013,-0.045498443545029466,0.050604019191607064,-0.05385615732825767,-0.004926168482412761,0.07422432625702298,-0.03369590922898639
Has_Matched_Arrival,0.009091722599302007,0.009644852133151843,-0.006571646382319554,-0.01171259831918918,0.02094946523336675,0.02020213189190615,0.012523885084356586,0.010619422059241174,-0.014296114625315345,0.012523430153061156,0.025751956761937828,-0.06846996104928942,-0.009000295699692289,-0.0076359521752184575,-0.0014483204889390094,-0.005003298680585775,-0.00879903711066536,-0.014697340960755898,0.007818619532392292,0.011864849166802029,0.02062520842042721,0.03200092561871872,0.0017051382022640657,0.0008846402833116075,-0.053814807183486045,0.03184543792229033,-0.0029781353664423025,-0.01825097414009057,0.04741575299298567,0.05330910345866693,0.03369590922898639,1.0,-0.7651989597522694,-0.005695425645368731,0.014121304404692215,-0.0025062298973345556,0.017756038178806725,0.0020537795648688417,0.002182041086938093,0.009531926610964456,-1.0
Is_Imputed_Link,-0.017392501417130325,-0.017769262801343933,0.0016632498122808902,0.009105481928168586,-0.014913053872996677,-0.013323120493529923,-0.008351338914377338,-0.0053172260265412835,-0.026173306535716815,-0.00835099356170313,-0.034125129393744257,0.05028882189027072,0.006212797463211858,0.007933435924747306,-0.003605467006242698,0.00228503207157787,0.011145668497204417,0.011312561456210355,-0.004438351722820144,-0.015887233537491295,-0.026214554730730637,-0.037644195144405895,-0.002228359279024763,-0.001156091853023437,0.04122397649575379,-0.03248860535543456,-0.047619476700220556,0.016914641584257196,-0.04933614586804524,-0.038554093166637896,-0.040659077286607066,-0.7651989597522694,1.0,0.0034163309705492703,-0.01963537309346425,-0.002359468744690446,-0.01982660103398949,-0.001092229758854414,-0.004093372440669866,-0.013700974749473079,0.7651989597522694
Is_Diverted_Prev,-0.002392605527158782,-0.002008909597377821,-0.001362530076008236,-0.0058058787400069225,0.014143289868636551,0.015011019388301782,0.012724621257811874,0.01369580681585967,-0.004161806453127729,0.012724573825906924,-0.003828645835921132,-0.000958422907428191,-0.0011804726714298478,0.006505839221034961,0.006551147334128914,0.009901407616962558,0.005503029343332795,0.010632229593056021,0.011322053765217133,0.00794697143660689,-0.0005605225723676865,0.0026951972944937114,-0.00036761330876163885,-0.0001907209287670694,-0.004714439057255334,0.005060045022766322,-0.00928997281586407,0.006858447624458671,0.0023515622161271554,-0.00041038731756961114,-0.008280864529293868,-0.005695425645368731,0.0034163309705492703,1.0,0.0013566312963672455,-0.003236437611650434,-0.0023832985171079566,-0.0014131646387629912,0.0006155652017057366,-0.0025543558846164377,0.005695425645368731
Is_Airport_Congested,0.30591791929296397,0.3075508625925996,-0.019615278323728842,0.026293082468674952,-0.17347497087780397,-0.17537165264931517,-0.14861898999034023,-0.14304029549590863,0.11736275936723341,-0.1486289464636395,0.16048514959582294,0.19782197303848215,0.08553227456649092,0.07695303091132025,-0.025535560215659982,0.008139651874567002,0.10551858936180483,-0.001797240469131072,-0.1407027269276639,-0.16674982397265556,0.6906492872440829,0.7560463047233122,0.006013594203928595,-0.007048808345447348,0.03564912413352179,0.45753450318704236,0.24147443062976465,0.30175062007911535,0.17094901416947572,-0.20678285782249164,-0.06902055681919013,0.014121304404692215,-0.01963537309346425,0.0013566312963672455,1.0,0.3793945998901572,0.028471816251186943,0.05311787476073797,0.05928209542774978,-0.04455427212117608,-0.014121304404692215
Is_Parallel_Usage,0.12777509365277798,0.1272772052525765,0.01408116165178513,0.03148114352048753,-0.12043634287387742,-0.12397978683141643,-0.08065910060912894,-0.0790048872701549,0.05070835744604629,-0.08065956522019854,-0.020141456477429976,0.11272497589809025,0.03450461107260101,0.016934899560084142,-0.024552727160168052,0.0027104383497060522,0.04991003684236396,-0.015471478080666408,-0.09439729297993406,-0.16117005806840112,0.5492476238246676,0.2809814212906675,-0.008272753139502742,-0.004291975085291845,0.04870306927417502,0.21452959198403526,0.10397542936770972,0.12384347472973217,-0.008642274994840682,-0.12178895648049799,-0.045498443545029466,-0.0025062298973345556,-0.002359468744690446,-0.003236437611650434,0.3793945998901572,1.0,-0.0004903465528624231,-0.009489426681962562,0.05017750182578201,-0.018108635041200874,0.0025062298973345556
Is_Wide_Body,0.07793880160231205,0.07786773073580454,-0.03956326901914604,-0.11985601016189723,0.11658764823245761,0.11827302677460064,-0.0032079968838301495,-0.009018085286949076,0.036718107798673585,-0.003181140220455555,0.551888192879757,-0.12582065245313098,0.08430752628671095,0.07981917920137488,0.11491708021005484,0.11180824330249409,0.08612975002946271,0.058719953471719016,0.04056979988259185,0.048750117359058945,0.03699487805115309,0.07492775245979119,-0.0016261323107315759,-0.004005002948576045,0.045789668652940325,0.015184137319904504,0.05428433986882861,-0.004773709217683559,0.0738547523279247,0.11594270911991619,0.050604019191607064,0.017756038178806725,-0.01982660103398949,-0.0023832985171079566,0.028471816251186943,-0.0004903465528624231,1.0,-0.00873118376970003,0.0005903384592410467,0.023611451155900347,-0.017756038178806725
Peak_Hour_Indicator,0.02634780362227336,0.026498084546012275,-0.008610582562629867,0.018936707878906743,0.03280032200279601,0.03574531061290322,0.04516366883206482,0.04872195489655618,-0.02280439648756109,0.04515254979625414,0.028813119073044055,0.05137781164460774,-0.0027652164976306793,0.01374738309731788,-0.0064392960983391725,-0.020766097165516327,-0.002179591002625648,0.0059500914313111814,-0.055768324669737294,-0.057741129403694635,0.07776811275989977,0.07507972089439273,-0.0033906082585304464,-0.005936511708649198,0.024687097009523637,0.11053591085184514,-0.020917838930826393,0.021210067215092124,-0.046393289337148876,-0.04266626756498454,-0.05385615732825767,0.0020537795648688417,-0.001092229758854414,-0.0014131646387629912,0.05311787476073797,-0.009489426681962562,-0.00873118376970003,1.0,-0.00633889537327648,-0.007908614121880911,-0.0020537795648688417
Is_Special_Days,0.025162524250685294,0.02535468323558486,0.00021508196143846885,0.006449354615430827,-0.014617544794068895,-0.011997590920383413,-0.009549148024230658,-0.004378115131322192,0.001384907301805591,-0.009563747459584642,0.00936321230083028,0.015648946027059095,0.03482741322088161,0.04181442043928675,-0.0124675558765609,-0.006994934503927649,0.058090155478175406,-0.02368855612425067,-0.021139705996227588,-0.04037544125862673,0.06897114544636437,0.052769770275832524,-0.007132287070270931,-0.003700291534214933,0.02270973184340281,0.022674033957135502,0.009487507137195325,0.03258251726202282,0.0034482423188559918,-0.010391699760405106,-0.004926168482412761,0.002182041086938093,-0.004093372440669866,0.0006155652017057366,0.05928209542774978,0.05017750182578201,0.0005903384592410467,-0.00633889537327648,1.0,-0.022808612790715284,-0.002182041086938093
Is_Long_Ground_Turnaround,0.03398597096922045,0.03437800903798282,-0.0025415014160566243,-0.03625975749776844,0.22021904219259872,,0.23255791274628942,,-0.11057846910814122,0.23310550319734416,-0.018415993343799234,-0.12523274606516333,-0.01694119435160424,-0.010881061645409088,-0.004151103421824958,-0.014367590100608646,-0.020493541381320996,-0.037811766716741003,0.01314222284111344,0.033097058572639365,-0.05478451891896409,-0.05080916811155399,-0.002418579404501217,-0.0012547796810655418,-0.026378635322652555,-0.00789727097166,-0.13179426653395285,-0.13749598193654775,0.01739742019731335,0.13515033463961185,0.07422432625702298,0.009531926610964456,-0.013700974749473079,-0.0025543558846164377,-0.04455427212117608,-0.018108635041200874,0.023611451155900347,-0.007908614121880911,-0.022808612790715284,1.0,-0.009531926610964456
Exclude_From_Propagation_Training,-0.009091722599302007,-0.009644852133151843,0.006571646382319554,0.01171259831918918,-0.02094946523336675,-0.02020213189190615,-0.012523885084356586,-0.010619422059241174,0.014296114625315345,-0.012523430153061156,-0.025751956761937828,0.06846996104928942,0.009000295699692289,0.0076359521752184575,0.0014483204889390094,0.005003298680585775,0.00879903711066536,0.014697340960755898,-0.007818619532392292,-0.011864849166802029,-0.02062520842042721,-0.03200092561871872,-0.0017051382022640657,-0.0008846402833116075,0.053814807183486045,-0.03184543792229033,0.0029781353664423025,0.01825097414009057,-0.04741575299298567,-0.05330910345866693,-0.03369590922898639,-1.0,0.7651989597522694,0.005695425645368731,-0.014121304404692215,0.0025062298973345556,-0.017756038178806725,-0.0020537795648688417,-0.002182041086938093,-0.009531926610964456,1.0
