feature,missing_rate,mean,std,min,p50,p95,max
Terminal,0.002363333984204041,1.7306503428540576,0.8104629580731817,0.0,2.0,3.0,3.0
Arrival_Flight_Duration_Minutes,0.5999434415798652,138.98651878281945,110.15213750679672,8.0,103.0,356.0,998.0
Source_Row_Index,0.0,14653.95548044358,9849.958749610592,0.0,12743.0,32956.0,36734.0
Belt,0.9188386671065655,2.803965488634478,1.295979475826098,1.0,3.0,5.0,5.0
Arrival_Delay_This_Leg,0.5031208128252951,2.5074529784812185,17.456723332950066,-685.0,0.0,19.0,625.0
Is_Imputed_Link,0.0,0.01025458022205913,0.1007446879221597,0.0,0.0,0.0,1.0
Median_Turnaround_Time,0.5031208128252951,63.62289283972031,11.395855646425828,35.0,60.0,90.0,90.0
Tail_Sequence_Day,0.0,2.1691029430577906,1.4343852031567565,1.0,2.0,5.0,10.0
Is_First_Flight,0.0,0.4683710501686653,0.49900028666764784,0.0,0.0,1.0,1.0
Arrival_Delay,0.0,2.0222799776459577,15.721087198006073,-685.0,0.0,15.0,625.0
Accumulated_Delay,0.0,3.610420215595311,21.289701971192116,0.0,0.0,18.0,1260.0
Standard_Turnaround,0.0,63.68016886728297,11.444575587689695,35.0,60.0,90.0,90.0
Departure_Delay,0.4968791871747049,33.277130200875234,49.360692060213886,-705.0,23.0,113.0,1466.0
Departure_Delay_Reg_Target,0.4968791871747049,34.061814969955705,45.83873882650155,-60.0,23.0,113.0,720.0
Turnaround_Buffer,0.4968791871747049,296.3468276166642,685.2780208365016,0.0,79.0,1166.8999999999942,4320.0
Turnaround_Buffer_Model,0.5080427420060732,230.051652638062,449.11375241883115,1.0,78.0,894.0,4320.0
Is_Long_Ground_Turnaround,0.0,0.008315434388866071,0.09080937982179424,0.0,0.0,0.0,1.0
Tail_Stagnation_Duration,0.0,122.47769645634565,503.5540089821093,0.0,0.0,561.0,4320.0
Tail_Stagnation_Duration_Model,0.505194621563571,174.92740311343348,445.5818776683124,0.0,14.0,832.6499999999942,4320.0
Scheduled_Turnaround_Deficit,0.0,4.644920851877537,12.111058014981078,0.0,0.0,35.0,89.0
Scheduled_Turnaround_Slack,0.0,256.90702199718555,2517.868998461337,0.0,0.0,561.0,120985.0
Prev_Departure_Delay_Tail_1,0.5260067735441256,31.7158827790957,44.395513859227144,-705.0,23.0,105.0,1466.0
Prev_Departure_Delay_Tail_2,0.533770090022152,33.60169834209462,48.5195977227167,-705.0,23.0,114.0,1466.0
Prev_Turnaround_Buffer_Tail_1,0.5257172482981975,227.2453009653606,436.9599741411919,1.0,77.0,883.0,4320.0
Prev_Turnaround_Buffer_Tail_2,0.540099246561046,225.73737994846567,429.53170916129324,1.0,77.0,873.8499999999985,4320.0
Rolling_Departure_Delay_Tail_3,0.5172738841495027,33.04701462697948,36.60466021061767,-664.0,25.666666666666668,94.0,1466.0
Rolling_Turnaround_Buffer_Tail_3,0.5198190130555687,225.323384654215,298.91723782488936,1.0,137.0,735.8333333333333,4320.0
Prev_Departure_Delay_Airport_1,0.9032379695527172,-5.814209171247652,39.50419402739609,-705.0,0.0,13.0,67.0
Rolling_Departure_Delay_Airport_3,0.7808563214134219,-3.2955827982097685,38.06453506982329,-687.0,2.0,18.0,71.5
Is_Diverted_Prev,0.0,0.0003972555699944115,0.019927378948105732,0.0,0.0,0.0,1.0
Airport_Load_Factor,0.0,0.38963470558418006,0.1301372842397212,0.0,0.4090909090909091,0.5675675675675675,0.7916666666666666
Number_of_Flights_in_Last_Hour,0.0,14.602306775564069,6.319668598212035,0.0,15.0,24.0,28.0
Flight_Density_Disruption,0.0,0.019924975010168107,0.07409980714796827,0.0,0.0,0.16666666666666666,1.0
Is_Parallel_Usage,0.0,0.0,0.0,0.0,0.0,0.0,0.0
Previous_Station_Disruption,0.0,0.00477182377322506,0.03943402569530195,0.0,0.0,0.0,1.0
Runway_Swap_Event,0.0,0.007507456958368963,0.08632001632315801,0.0,0.0,0.0,1.0
Is_Wide_Body,0.0,0.14388058093577252,0.35096978324745737,0.0,0.0,1.0,1.0
Peak_Hour_Indicator,0.0,0.24977275634767268,0.43288288051389745,0.0,0.0,1.0,1.0
temperature,0.0,24.340600192567955,4.997714323512113,8.6,24.4,32.8,35.7
precipitation,0.0,0.08570149273830284,0.4768269359672782,0.0,0.0,0.3,13.9
cloudcover,0.0,64.71241389990506,37.83912572866974,0.0,83.0,100.0,100.0
wind_speed,0.0,8.05266868212148,4.595730771348639,0.0,7.3,16.5,27.5
wind_direction,0.0,141.10725227075324,94.50303662296658,1.0,133.0,342.0,360.0
pressure,0.0,1013.1035322080003,4.452032015458775,1000.9,1012.5,1021.3,1028.6
humidity,0.0,71.2284623516183,17.34370019687621,22.0,73.0,96.0,100.0
visibility,0.0,23487.411172981236,2680.7760201679102,3600.0,24140.0,24140.0,24140.0
Visibility_SM,0.0,14.594505012826643,1.66576362718158,2.24,15.0,15.0,15.0
Visibility_Deficit_5KM_M,0.0,1.179512385620695,32.69729845824287,0.0,0.0,0.0,1400.0
Visibility_Deficit_3SM_M,0.0,0.8896336495667221,26.719373632534587,0.0,0.0,0.0,1228.03
Visibility_Severity_Score,0.0,0.0033733057723254263,0.08202770575744912,0.0,0.0,0.0,2.0
Wind_Runway_Relative_Angle_Deg,0.0,82.49025377224463,45.10254215287331,0.0,83.0,161.0,180.0
Crosswind_Kmh,0.0,5.940714319380012,4.480562037005345,0.0,5.0,14.36,26.68
Headwind_Kmh,0.0,1.4820217615254614,5.32943156954661,-13.59,0.67,11.44,24.42
Tailwind_Default_Runway_Kmh,0.0,1.3777219076347134,2.1897158495781066,-0.0,0.0,6.08,13.59
Wind_Kt,0.0,4.34843716965506,2.4816739203256097,0.0,3.94,8.91,14.85
Crosswind_Kt,0.0,3.2077677603538937,2.419334048747609,0.0,2.7,7.75,14.41
Headwind_Kt,0.0,0.8002271763208748,2.8776797497461524,-7.34,0.36,6.18,13.18
Tailwind_Default_Runway_Kt,0.0,0.7438867754294063,1.1823510788742384,-0.0,0.0,3.28,7.34
Temp_Change_1H_C,0.0,0.035513301328449556,1.0407810800022335,-5.5,-0.1,1.9,3.8
Temp_Change_3H_C,0.0,0.1698880277944236,2.693150131533721,-7.7,-0.3,5.1,8.5
Pressure_Change_3H_Hpa,0.0,0.007389626916421462,1.755794963596394,-4.6,0.3,2.3,3.9
Precip_Cumsum_1H_Mm,0.0,0.08570149273830284,0.4768269359672782,0.0,0.0,0.3,13.9
Precip_Cumsum_3H_Mm,0.0,0.26317238871794185,1.0966531270291056,0.0,0.0,1.2,20.8
Precip_Cumsum_6H_Mm,0.0,0.5326146822965412,1.846672253517803,0.0,0.0,2.6,25.1
Wind_Gust_Estimate_Kmh,0.0,9.367070206505565,4.5606353972407,0.6,8.7,17.6,27.5
Crosswind_Max_3H_Kmh,0.0,7.333232246379252,4.46869113269298,0.08,6.47,15.59,26.68
Wind_Gust_Estimate_Kt,0.0,5.05824904557666,2.462675246105822,0.32,4.7,9.5,14.85
Crosswind_Max_3H_Kt,0.0,3.959648193160471,2.4128808996378908,0.04,3.49,8.42,14.41
Gust_Variation_Kmh,0.0,1.3144015243840856,1.6324086455600797,0.0,0.7,4.6,16.5
Gust_Variation_Kt,0.0,0.7097097341080939,0.881520011064066,0.0,0.38,2.48,8.91
Is_Rain,0.0,0.18475750577367206,0.38810202782482356,0.0,0.0,1.0,1.0
Is_Heavy_Rain,0.0,0.002134407045563194,0.04615046795886392,0.0,0.0,0.0,1.0
Is_Low_Visibility,0.0,0.0016900194587897844,0.04107523162455331,0.0,0.0,0.0,1.0
Is_Fog,0.0,0.0,0.0,0.0,0.0,0.0,0.0
Is_Dewpoint_Spread_Le_1_5C,0.0,0.0,0.0,0.0,0.0,0.0,0.0
Is_Radiation_Fog_Risk,0.0,0.0,0.0,0.0,0.0,0.0,0.0
Is_WMO_Rain_Code,0.0,0.0,0.0,0.0,0.0,0.0,0.0
Is_Below_3SM_Visibility,0.0,0.0016832863135356419,0.04099346503446243,0.0,0.0,0.0,1.0
Is_Below_1SM_Visibility,0.0,0.0,0.0,0.0,0.0,0.0,0.0
Is_Crosswind_10kt,0.0,0.013466290508285135,0.11526074343994468,0.0,0.0,0.0,1.0
Is_Tailwind_Default_Runway_5kt,0.0,0.009244608433937745,0.09570374767538732,0.0,0.0,0.0,1.0
Is_Low_Ceiling_Risk,0.0,0.0,0.0,0.0,0.0,0.0,0.0
Is_Severe_Convection_Risk,0.0,0.0,0.0,0.0,0.0,0.0,0.0
Is_Thunderstorm_Risk,0.0,0.11873901655680417,0.323482251546219,0.0,0.0,1.0,1.0
Convective_Severity_Score,0.0,0.0,0.0,0.0,0.0,0.0,0.0
Runway_Wet_Risk,0.0,0.18689191281923526,0.3952634460380858,0.0,0.0,1.0,2.0
Forced_Runway_Swap_Risk,0.0,0.009574532551390732,0.10071135688447759,0.0,0.0,0.0,2.0
Weather_Delay_Risk_Score,0.0,0.12256344306115716,0.339100690616736,0.0,0.0,1.0,3.0
Aviation_Operational_Risk_Score,0.0,0.3341794652536039,0.7220836828739965,0.0,0.0,2.0,6.0
Is_Fixed_Flight,0.4968791871747049,0.2951300135165879,0.45610423443361375,0.0,0.0,1.0,1.0
Gate,0.91829328234098,5.532591676967449,2.3162104940094927,1.0,6.0,9.0,11.0
Is_Jet_Bridge,0.9223735683649903,0.7034434903287362,0.4567590636735233,0.0,1.0,1.0,1.0
Is_Remote_Stand,0.9223735683649903,0.2965565096712638,0.4567590636735233,0.0,0.0,1.0,1.0
Prev_Arrival_Imputed_Link,0.49972730761720724,0.006016150740242261,0.07733069995503225,0.0,0.0,0.0,1.0
Is_Airport_Congested,0.4968791871747049,0.0,0.0,0.0,0.0,0.0,0.0
Airline_Avg_Delay_Rate,0.49782856065553904,29.792293314740824,17.659491041265014,-391.5,32.47,47.02,212.0
Airline_Delay_Volatility,0.4992627205946714,31.788273877556506,28.95141895375333,0.0,23.19,85.26,456.32
A_CDM_TOBT_Deficit,0.4968791871747049,9.232217657213978,15.78563411678454,0.0,0.0,46.0,89.0
Ground_Handling_Pressure,0.4968791871747049,2.496594087496487,2.4743481567526624,0.0,2.0,7.0,14.0
Destination_Congestion_Risk,0.4968791871747049,0.0,0.0,0.0,0.0,0.0,0.0
Taxi_Out_Congestion,0.4968791871747049,0.0,0.0,0.0,0.0,0.0,0.0
