,Weather_Delay_Risk_Score,precipitation,Precip_Cumsum_1H_Mm,Precip_Cumsum_3H_Mm,Precip_Cumsum_6H_Mm,cloudcover,visibility,humidity,temperature,Headwind_Kmh,Crosswind_Kmh,wind_speed,Is_Rain,Is_Thunderstorm_Risk,Is_Low_Visibility
Weather_Delay_Risk_Score,1.0,0.25418190300875093,0.25418190300875093,0.25109607688320834,0.22283974159655803,0.37712496272784074,-0.612712918305319,0.5188485898072214,-0.35694881715375715,0.18895498724711235,-0.10112277004207404,-0.02837034458137404,0.3871355638402995,0.529242112108687,0.6024678920707153
precipitation,0.25418190300875093,1.0,1.0,0.7546488190866518,0.6051893357065591,0.14103109325650492,-0.2512527987375399,0.12341302604348071,-0.014310431938419394,0.11303947985717111,0.06161864074806013,0.11430814349533897,0.41117693665825594,0.3932071288453166,0.30088364780390414
Precip_Cumsum_1H_Mm,0.25418190300875093,1.0,1.0,0.7546488190866518,0.6051893357065591,0.14103109325650492,-0.2512527987375399,0.12341302604348071,-0.014310431938419394,0.11303947985717111,0.06161864074806013,0.11430814349533897,0.41117693665825594,0.3932071288453166,0.30088364780390414
Precip_Cumsum_3H_Mm,0.25109607688320834,0.7546488190866518,0.7546488190866518,1.0,0.8521598808741808,0.16697855570786677,-0.282353697844804,0.1539765232954408,-0.017677512896603322,0.15254173955741823,0.08268822540071905,0.146371950558108,0.4548988122192463,0.4409685229428113,0.29269974324272957
Precip_Cumsum_6H_Mm,0.22283974159655803,0.6051893357065591,0.6051893357065591,0.8521598808741808,1.0,0.182162996508048,-0.2872510848405987,0.1678327366046277,-0.020799332577711823,0.18161356866733677,0.10933521822997143,0.18207394954567324,0.44209487672028586,0.4337291182415254,0.2592877357452348
cloudcover,0.37712496272784074,0.14103109325650492,0.14103109325650492,0.16697855570786677,0.182162996508048,1.0,-0.2023582072561866,0.1311098050545719,-0.08373664519226857,0.1589618096467399,0.04872529001764186,0.09261622352329694,0.22430693878352212,0.34456485879457366,0.15917785835575946
visibility,-0.612712918305319,-0.2512527987375399,-0.2512527987375399,-0.282353697844804,-0.2872510848405987,-0.2023582072561866,1.0,-0.6275497701944767,0.40770194745539856,-0.29295967997170336,0.01998802980095583,-0.1239309288630929,-0.44856827046588676,-0.3840067769070621,-0.5008282673140844
humidity,0.5188485898072214,0.12341302604348071,0.12341302604348071,0.1539765232954408,0.1678327366046277,0.1311098050545719,-0.6275497701944767,1.0,-0.5473114727665803,0.17502734823871105,-0.17149629783101847,-0.07859995645829612,0.17587660997282759,0.20383323379604026,0.29524681972340044
temperature,-0.35694881715375715,-0.014310431938419394,-0.014310431938419394,-0.017677512896603322,-0.020799332577711823,-0.08373664519226857,0.40770194745539856,-0.5473114727665803,1.0,-0.28731123036243644,-0.07649519819770122,-0.10377289803636384,-0.02294547621900141,-0.06481758086320309,-0.1708642544204058
Headwind_Kmh,0.18895498724711235,0.11303947985717111,0.11303947985717111,0.15254173955741823,0.18161356866733677,0.1589618096467399,-0.29295967997170336,0.17502734823871105,-0.28731123036243644,1.0,0.07875030367891196,0.42340987687889203,0.2237143694230086,0.20202407520581037,0.06953048267846822
Crosswind_Kmh,-0.10112277004207404,0.06161864074806013,0.06161864074806013,0.08268822540071905,0.10933521822997143,0.04872529001764186,0.01998802980095583,-0.17149629783101847,-0.07649519819770122,0.07875030367891196,1.0,0.8043797137313959,0.1382029408788685,0.10481730128474286,-0.04543749772716432
wind_speed,-0.02837034458137404,0.11430814349533897,0.11430814349533897,0.146371950558108,0.18207394954567324,0.09261622352329694,-0.1239309288630929,-0.07859995645829612,-0.10377289803636384,0.42340987687889203,0.8043797137313959,1.0,0.20211961714792645,0.18457434204088943,-0.01365935507598629
Is_Rain,0.3871355638402995,0.41117693665825594,0.41117693665825594,0.4548988122192463,0.44209487672028586,0.22430693878352212,-0.44856827046588676,0.17587660997282759,-0.02294547621900141,0.2237143694230086,0.1382029408788685,0.20211961714792645,1.0,0.76525639472723,0.26120120118318363
Is_Thunderstorm_Risk,0.529242112108687,0.3932071288453166,0.3932071288453166,0.4409685229428113,0.4337291182415254,0.34456485879457366,-0.3840067769070621,0.20383323379604026,-0.06481758086320309,0.20202407520581037,0.10481730128474286,0.18457434204088943,0.76525639472723,1.0,0.29596779230776765
Is_Low_Visibility,0.6024678920707153,0.30088364780390414,0.30088364780390414,0.29269974324272957,0.2592877357452348,0.15917785835575946,-0.5008282673140844,0.29524681972340044,-0.1708642544204058,0.06953048267846822,-0.04543749772716432,-0.01365935507598629,0.26120120118318363,0.29596779230776765,1.0
